Year,Town,"Crime, Total crime, Number","Total estimated population, Number",Total crime Rate
2009,Bethel,216,18532,1165.55
2006,Redding,65,8803,738.38
2010,East Windsor,336,11162,3010.21
2009,East Lyme,207,19055,1086.33
2010,Essex,41,6683,613.5
2004,West Haven,2098,53642,3911.11
2010,Danbury,1628,80893,2012.54
1998,Middlefield,76,4203,1808.23
2010,Monroe,143,19479,734.12
2002,New Britain,3481,71872,4843.33
2007,Warren,10,1399,714.8
2006,Ridgefield,87,24240,358.91
2009,Bloomfield,564,20396,2765.25
2002,Lebanon,66,6987,944.61
2010,Fairfield,1083,59404,1823.11
2010,Roxbury,11,2262,486.3
2004,Westbrook,73,6550,1114.5
2010,Darien,146,20732,704.23
2009,Union,2,838,238.66
2010,East Haven,1000,29257,3417.99
2003,Waterford,685,19262,3556.22
1998,Middletown,1490,43167,3451.71
2007,Washington,26,3583,725.65
2006,Rocky Hill,297,19012,1562.17
2010,Easton,35,7490,467.29
1999,Guilford,425,21398,1986.17
2010,Farmington,710,25340,2801.89
2009,East Windsor,441,11028,3998.91
2004,Weston,58,10094,574.6
2010,East Hartford,1756,51252,3426.21
2009,Vernon,409,29067,1407.09
2010,Groton,185,40115,461.17
2009,Eastford,5,1736,288.02
2010,Coventry,175,12435,1407.32
2007,Waterbury,6093,109438,5567.54
1998,Milford,2162,52305,4133.45
2010,Ellington,68,15602,435.84
2009,Easton,65,7468,870.38
2010,Franklin,46,1922,2393.34
2010,Salisbury,45,3741,1202.89
2004,Westport,511,26006,1964.93
2010,Derby,410,12902,3177.8
2006,Roxbury,17,2212,768.54
2000,Newington,660,29306,2252.1
2010,Montville,129,19571,659.14
2010,Goshen,17,2976,571.24
2007,Waterford,639,19408,3292.46
2006,Salem,35,4034,867.63
2010,Enfield,955,44654,2138.67
2002,Naugatuck,603,31164,1934.92
1998,Monroe,200,19247,1039.12
2010,Glastonbury,393,34427,1141.55
2010,Salem,43,4151,1035.89
2004,Wethersfield,802,26430,3034.43
2010,Hamden,891,60960,1461.61
2009,Wallingford,808,44924,1798.59
2000,New Milford,347,27121,1279.45
2009,Ellington,80,15334,521.72
2010,Granby,113,11282,1001.6
2007,Watertown,407,22258,1828.56
2002,Morris,19,2318,819.67
2009,Enfield,980,44710,2191.9
2010,Seymour,209,16540,1263.6
1998,Montville,233,18546,1256.34
2010,Hampton,19,1863,1019.86
2006,Salisbury,37,3835,964.8
2010,Morris,14,2388,586.26
2009,Voluntown,20,2596,770.42
2010,Greenwich,597,61171,975.95
2004,Willington,56,5992,934.58
2006,Scotland,8,1658,482.51
2010,Guilford,455,22375,2033.52
2002,Montville,276,18751,1471.92
2010,Scotland,13,1726,753.19
2004,Wilton,122,17805,685.2
2010,Eastford,10,1749,571.76
2007,West Hartford,1641,63364,2589.8
1998,Morris,24,2301,1043.02
2009,Essex,57,6665,855.21
2010,Griswold,120,11951,1004.1
2007,West Haven,2082,54603,3812.98
2006,Seymour,265,16106,1645.35
2010,Haddam,60,8346,718.91
2009,Fairfield,1150,59198,1942.63
2010,Shelton,521,39559,1317.02
2004,Winchester,241,10895,2212.02
2009,Waterbury,6010,110057,5460.81
2000,New London,1253,25671,4880.99
2010,Middletown,1202,47648,2522.67
2009,Warren,13,1440,902.78
1998,Naugatuck,655,30989,2113.65
2007,Westbrook,87,6744,1290.04
2006,Sharon,18,2856,630.25
2009,Farmington,709,25170,2816.85
2010,Sharon,33,2782,1186.2
2004,Windham,118,23821,495.36
2009,Waterford,654,19481,3357.12
2010,New Canaan,138,19738,699.16
2009,Washington,15,3580,418.99
2010,Hartford,7119,124775,5705.47
2007,Weston,54,10136,532.75
1998,New Britain,5042,71538,7048
1999,Darien,262,19607,1336.26
2010,Simsbury,188,23511,799.63
2002,Monroe,192,19293,995.18
2006,Shelton,483,38976,1239.22
2010,Naugatuck,664,31862,2083.99
2009,Franklin,37,1913,1934.13
2010,Somers,107,11444,934.99
2004,Windsor,674,28560,2359.94
2006,Sherman,8,3679,217.45
1998,New Canaan,233,19395,1201.34
2010,Sherman,23,3581,642.28
2000,New Haven,9769,123626,7902.06
2007,Westport,371,26198,1416.14
2010,New Britain,3360,73206,4589.79
2009,Glastonbury,400,34172,1170.55
2003,Hartland,16,2043,783.16
2004,Windsor Locks,257,12225,2102.25
2006,Simsbury,218,23400,931.62
1998,Weston,90,10037,896.68
2010,South Windsor,412,25709,1602.55
1998,New Fairfield,73,13953,523.18
2007,Wethersfield,615,26549,2316.47
2010,New Haven,9270,129779,7142.91
2009,Goshen,16,2948,542.74
2010,Southbury,218,19904,1095.26
2000,New Hartford,71,6088,1166.23
2006,Somers,65,11033,589.14
2009,Granby,141,11189,1260.17
2004,Woodbridge,127,8986,1413.31
2004,Wolcott,259,15801,1639.14
1998,New Hartford,92,6088,1511.17
2009,West Hartford,1785,63300,2819.91
2010,Southington,762,43069,1769.25
2007,Wilton,133,17933,741.65
2006,South Windsor,453,25190,1798.33
1999,Groton,1045,39907,2618.59
2007,Willington,67,6016,1113.7
2004,Woodbury,79,9509,830.79
2009,Watertown,408,22429,1819.07
2010,New Hartford,40,6970,573.89
2009,Greenwich,577,61164,943.37
1998,New Haven,13255,123626,10721.85
2007,Winchester,255,11069,2303.73
2002,Milford,2027,52396,3868.62
2009,Griswold,125,11837,1056.01
2010,Sprague,33,2984,1105.9
2004,Woodstock,40,7518,532.06
2006,Southbury,176,19369,908.67
2009,West Haven,1912,55244,3461.01
2009,Westbrook,78,6873,1134.88
2010,Stafford,82,12087,678.41
2007,Windham,138,24545,562.23
1998,New London,1511,25671,5886.02
2009,Groton,801,40094,1997.81
2005,Andover,,3170,
2006,Southington,817,41733,1957.68
2010,New London,1195,27620,4326.57
2009,Weston,63,10165,619.77
2000,New Fairfield,74,13953,530.35
2007,Windsor,618,28802,2145.68
2006,Sprague,33,2979,1107.75
1998,New Milford,541,27121,1994.76
2010,Stamford,2329,122643,1899.01
2005,Ansonia,,18902,
2009,Willington,37,6033,613.29
2010,New Milford,417,28142,1481.77
2009,Guilford,392,22277,1759.66
2002,Middletown,1107,44063,2512.31
2007,Windsor Locks,228,12362,1844.36
2006,Stafford,91,11775,772.82
2002,Killingworth,41,6119,670.04
2010,Sterling,39,3830,1018.28
1998,Newington,956,29306,3262.13
2009,Wilton,107,18019,593.82
2002,Farmington,577,23981,2406.07
2009,Haddam,44,8227,534.82
2010,Stonington,274,18545,1477.49
2005,Ashford,,4208,
2006,Stamford,2719,120419,2257.95
2002,Middlefield,55,4247,1295.03
2005,Avon,,16965,
2007,Wolcott,320,16241,1970.32
1998,Newtown,293,25031,1170.55
2009,Hamden,1284,60555,2120.39
2010,Stratford,1494,51384,2907.52
2007,Woodbridge,114,8988,1268.36
2000,Simsbury,244,23234,1050.19
2000,New Canaan,143,19395,737.3
2005,Barkhamsted,,3647,
2006,Sterling,30,3538,847.94
2002,Killingly,404,16652,2426.13
2009,Hampton,9,1853,485.7
1998,Norfolk,26,1660,1566.27
2007,Woodbury,81,9742,831.45
2006,Stonington,385,18289,2105.09
2000,New Britain,3973,71538,5553.69
2010,Suffield,124,15735,788.05
2005,Beacon Falls,,5648,
2009,Wethersfield,504,26628,1892.74
1999,Colchester,169,14551,1161.43
2009,Hartford,7792,124455,6260.9
2010,Thomaston,136,7887,1724.36
2007,Woodstock,22,7741,284.2
1998,North Branford,239,13906,1718.68
2009,Hartland,6,2104,285.17
2005,Berlin,,19041,
2006,Stratford,1639,50821,3225.04
2009,Winchester,238,11184,2128.04
2009,Westport,366,26327,1390.21
1999,Griswold,133,10807,1230.68
2008,Andover,30,3250,923.08
2006,Suffield,182,14862,1224.6
1998,North Canaan,70,3350,2089.55
2010,Thompson,76,9458,803.55
2005,Bethany,,5302,
2009,Wolcott,268,16534,1620.9
2009,Windham,145,25027,579.37
2009,Harwinton,55,5606,981.09
2010,Tolland,60,15052,398.62
2008,Ansonia,375,19110,1962.32
2006,Thomaston,150,7733,1939.74
2009,Hebron,52,9578,542.91
1998,North Haven,668,23035,2899.93
2009,Woodbridge,153,8989,1702.08
2002,Kent,49,2882,1700.21
2009,Windsor Locks,306,12453,2457.24
2010,Torrington,918,36383,2523.16
2005,Bethel,,18326,
2003,Hartford,12894,122537,10522.54
2009,Kent,31,2967,1044.83
1999,Greenwich,865,61101,1415.69
2006,Thompson,57,9226,617.82
1998,North Stonington,106,4991,2123.82
2010,North Stonington,68,5297,1283.75
2005,Bethlehem,,3515,
2000,Naugatuck,682,30989,2200.78
2008,Ashford,26,4273,608.47
2005,Bloomfield,,20037,
2000,North Branford,166,13906,1193.73
2010,Norwich,1115,40493,2753.56
2009,Killingly,232,17280,1342.59
1998,Norwalk,3603,82951,4343.53
2008,Barkhamsted,42,3738,1123.6
2006,Torrington,971,35911,2703.91
2006,Tolland,80,14290,559.83
2008,Avon,138,17645,782.09
2010,Trumbull,719,36018,1996.22
2005,Bolton,,4999,
2010,North Canaan,43,3315,1297.13
2009,Windsor,594,28963,2050.89
2009,Killingworth,28,6474,432.5
2008,Beacon Falls,50,5888,849.18
1998,Norwich,1554,36117,4302.68
2009,Lebanon,59,7268,811.78
2010,Union,4,854,468.38
2002,Middlebury,67,6676,1003.59
2003,Washington,32,3591,891.12
2009,Woodbury,56,9897,565.83
2009,Woodstock,25,7890,316.86
2005,Bozrah,,2492,
2006,Union,6,790,759.49
2006,Trumbull,575,35308,1628.53
1998,Old Lyme,128,7406,1728.33
2010,Vernon,304,29179,1041.85
2005,Branford,,28355,
2008,Berlin,501,19536,2564.5
2010,Orange,401,13956,2873.32
1999,Bolton,49,5017,976.68
2008,Bethany,44,5458,806.16
2006,Vernon,380,28733,1322.52
2000,Montville,278,18546,1498.98
2000,Morris,13,2301,564.97
1998,Old Saybrook,308,10367,2970.97
2010,Newtown,225,27560,816.4
2010,Oxford,93,12683,733.27
2002,Hebron,79,8825,895.18
2005,Bridgeport,,141879,
2002,Fairfield,1196,57753,2070.89
1999,Granby,170,10347,1642.99
2009,Lisbon,112,4311,2598.01
2005,Bridgewater,,1776,
2006,Voluntown,25,2573,971.63
1998,Orange,609,13233,4602.13
2009,Ledyard,146,15015,972.36
2008,Bethlehem,18,3570,504.2
2006,Wallingford,940,44291,2122.33
2000,Monroe,130,19247,675.43
2008,Bethel,177,18481,957.74
2009,Litchfield,89,8451,1053.13
2005,Bristol,,60270,
2010,North Branford,288,14407,1999.03
2003,Hampton,21,1790,1173.18
2009,Lyme,16,2367,675.96
1998,Oxford,117,9821,1191.32
2008,Bloomfield,590,20306,2905.55
2006,Warren,6,1378,435.41
2009,Madison,185,18228,1014.92
2000,Milford,1916,52305,3663.13
2005,Brookfield,,16058,
2010,New Fairfield,69,13881,497.08
2010,Plymouth,285,12243,2327.86
2010,Plainville,650,17716,3669
1999,Clinton,161,13094,1229.57
2008,Bolton,31,4987,621.62
1998,Plainfield,331,14619,2264.18
2002,Meriden,2622,58769,4461.54
2010,Voluntown,25,2603,960.43
2005,Brooklyn,,7692,
2000,Middletown,1486,43167,3442.44
2010,Pomfret,37,4247,871.2
2009,Manchester,2194,57891,3789.88
2008,Bozrah,36,2573,1399.14
2010,Waterbury,5012,110366,4541.25
2006,Washington,18,3585,502.09
2010,Plainfield,62,15405,402.47
2010,Wallingford,816,45135,1807.91
2010,Old Lyme,53,7603,697.09
1999,Killingly,361,16472,2191.6
2010,Portland,83,9508,872.95
2008,Meriden,2215,60343,3670.68
2005,Burlington,,8746,
2010,Waterford,550,19517,2818.06
2006,Waterbury,6447,109128,5907.74
2010,North Haven,621,24093,2577.51
2009,Mansfield,226,25961,870.54
2010,Warren,6,1461,410.68
2010,Old Saybrook,311,10242,3036.52
2006,Waterford,588,19371,3035.47
2010,Newington,846,30562,2768.14
2003,Voluntown,13,2551,509.6
2010,Watertown,437,22514,1941.01
2000,South Windsor,257,24412,1052.76
2008,Middlebury,65,7350,884.35
2010,Washington,38,3578,1062.05
2005,Canaan,,1158,
2006,Watertown,454,22173,2047.54
2010,Prospect,79,9405,839.98
2008,Middlefield,54,4381,1232.6
2009,Marlborough,50,6335,789.27
2005,Canterbury,,4912,
1998,Andover,22,3036,724.64
2010,Norwalk,2230,85603,2605.05
2009,Meriden,2266,60606,3738.9
2006,West Hartford,1648,63396,2599.53
2010,Norfolk,14,1709,819.19
2008,Middletown,1743,46752,3728.18
2010,West Haven,1828,55564,3289.9
2000,Old Saybrook,302,10367,2913.09
2009,Middlebury,56,7463,750.37
1998,Ansonia,566,18554,3050.56
2005,Canton,,9566,
2006,West Haven,1956,54282,3603.4
2010,Redding,75,9158,818.96
2008,Milford,2056,52668,3903.7
2010,Westbrook,67,6938,965.7
2005,Chaplin,,2278,
2010,West Hartford,1526,63268,2411.96
2010,Preston,59,4726,1248.41
2009,Middlefield,37,4403,840.34
1999,Kent,36,2858,1259.62
1998,Ashford,46,4098,1122.5
2010,Ridgefield,90,24638,365.29
2008,Monroe,201,19433,1034.32
2010,Weston,69,10179,677.87
2005,Cheshire,,28902,
2006,Westbrook,28,6680,419.16
2009,Middletown,1569,47200,3324.15
2006,Weston,62,10122,612.53
2010,Rocky Hill,298,19709,1512
1998,Avon,282,15832,1781.2
2010,Westport,408,26391,1545.98
2005,Chester,,3869,
2010,Putnam,264,9584,2754.59
2008,Montville,201,19366,1037.9
2002,Washington,51,3592,1419.82
2006,Westport,407,26134,1557.36
2008,Morris,19,2371,801.35
2009,Milford,1940,52714,3680.24
1998,Barkhamsted,55,3494,1574.13
2009,Monroe,177,19456,909.75
2000,Danbury,2083,74848,2782.97
2005,Clinton,,13177,
1999,Hebron,70,8610,813.01
2008,Naugatuck,648,31687,2045
2010,Willington,46,6041,761.46
2005,Colchester,,15310,
2006,Wethersfield,655,26509,2470.86
1999,Beacon Falls,47,5246,895.92
2009,Montville,169,19469,868.05
2006,Willington,34,6008,565.91
1998,Beacon Falls,73,5246,1391.54
2008,New Britain,3789,72872,5199.53
2010,Wilton,97,18062,537.04
2005,Colebrook,,1478,
2010,Wethersfield,508,26668,1904.9
2009,Morris,20,2379,840.69
1998,Berlin,396,18215,2174.03
2006,Wilton,154,17890,860.82
2008,New Canaan,159,19669,808.38
1999,Deep River,86,4610,1865.51
2005,Columbia,,5228,
2009,Naugatuck,600,31775,1888.28
1999,Harwinton,42,5283,795
2002,Warren,9,1295,694.98
1998,Bethany,64,5040,1269.84
2008,New Fairfield,106,13895,762.86
2010,Windham,677,25268,2679.28
2005,Connecticut,,3489831,
2006,Winchester,293,11011,2660.98
2009,New Britain,3567,73039,4883.69
2003,Mansfield,258,22467,1148.35
1998,Bethel,165,18067,913.27
2010,Windsor,530,29044,1824.82
2005,Cornwall,,1427,
2006,Windham,115,24304,473.17
2008,New Hartford,46,6794,677.07
2006,Windsor,569,28721,1981.13
2008,New Haven,10365,128548,8063.14
2009,New Canaan,156,19704,791.72
1998,Bethlehem,17,3422,496.79
2002,Wallingford,1097,43448,2524.86
2009,New Fairfield,76,13888,547.24
2005,Coventry,,11970,
1999,Hartland,8,2012,397.61
2008,New London,1156,27230,4245.32
2010,Winchester,244,11242,2170.43
2000,Old Lyme,98,7406,1323.25
2006,Windsor Locks,313,12316,2541.41
1998,Bloomfield,595,19587,3037.73
2009,New Hartford,45,6882,653.88
2005,Cromwell,,13438,
2006,Wolcott,225,16094,1398.04
2008,New Milford,326,27938,1166.87
2010,Woodbridge,159,8990,1768.63
2005,Danbury,,77871,
2010,Windsor Locks,286,12498,2288.37
2009,New Haven,9290,129164,7192.41
1999,Berlin,365,18215,2003.84
2006,Woodbridge,93,8987,1034.83
2008,Newington,871,30311,2873.54
1998,Bolton,64,5017,1275.66
2005,Darien,,20170,
2010,Wolcott,273,16680,1636.69
2009,New London,1173,27425,4277.12
1998,Bozrah,40,2357,1697.07
2008,Newtown,259,27054,957.34
2010,Woodstock,51,7964,640.38
1999,Barkhamsted,43,3494,1230.68
2006,Woodbury,60,9664,620.86
2009,New Milford,368,28040,1312.41
2005,Deep River,,4620,
2002,Voluntown,34,2543,1337
2000,Cheshire,373,28543,1306.8
2005,Derby,,12647,
2006,Woodstock,39,7667,508.67
1998,Branford,981,28683,3420.14
2007,Andover,15,3223,465.4
2008,North Branford,228,14307,1593.63
2008,Norfolk,21,1699,1236.02
1998,Bridgeport,9053,139529,6488.26
2009,Newtown,191,27307,699.45
2000,Chaplin,29,2250,1288.89
2005,Durham,,7008,
1999,Hartford,10261,121578,8439.85
2008,North Canaan,32,3322,963.28
2010,Woodbury,84,9975,842.11
2005,East Granby,,4947,
2007,Ansonia,418,19041,2195.26
1998,Bridgewater,15,1824,822.37
2009,Newington,875,30436,2874.89
2002,Vernon,828,28286,2927.24
2007,Ashford,22,4251,517.53
2000,Somers,75,10417,719.98
2009,Norfolk,14,1704,821.6
2005,East Haddam,,8730,
2003,Vernon,697,28398,2454.4
1998,Bristol,1646,60062,2740.5
2007,Avon,193,17418,1108.05
2000,Pomfret,23,3798,605.58
2008,North Haven,629,23881,2633.89
2005,East Hampton,,13156,
2008,North Stonington,58,5236,1107.72
1999,Hampton,6,1758,341.3
2008,Norwalk,2360,85073,2774.09
2009,North Canaan,35,3319,1054.53
2000,Chester,49,3743,1309.11
1998,Brookfield,184,15664,1174.67
2009,North Branford,252,14357,1755.24
2005,East Hartford,,50414,
2007,Beacon Falls,63,5808,1084.71
1999,Bozrah,46,2357,1951.63
1998,Brooklyn,97,7173,1352.29
2009,North Haven,540,23987,2251.22
2005,East Haven,,28723,
2008,Norwich,1119,39618,2824.47
1999,Hamden,1895,56913,3329.64
2000,Norwich,1225,36117,3391.75
2008,Old Lyme,62,7564,819.67
2009,North Stonington,69,5266,1310.29
1998,Burlington,53,8190,647.13
2007,Berlin,441,19371,2276.6
2009,Norwalk,2222,85338,2603.76
2003,Manchester,3020,55790,5413.16
2005,East Lyme,,18639,
2007,Bethany,33,5406,610.43
2008,Old Saybrook,221,10267,2152.53
2007,Barkhamsted,23,3708,620.28
2005,East Windsor,,10490,
1998,Canaan,14,1081,1295.1
2009,Norwich,1242,40055,3100.74
2007,Bethel,119,18429,645.72
2008,Orange,478,13811,3461.01
2000,West Haven,1928,52360,3682.2
2009,Old Lyme,49,7583,646.18
1998,Canterbury,44,4692,937.77
2005,Eastford,,1684,
2007,Bethlehem,20,3552,563.06
2003,South Windsor,426,24801,1717.67
1999,Haddam,67,7157,936.15
2005,Easton,,7381,
2000,Redding,48,8270,580.41
2008,Oxford,109,12111,900.01
1998,Canton,138,8840,1561.09
2008,Plainfield,145,15248,950.94
2009,Old Saybrook,234,10255,2281.81
2005,Ellington,,14262,
2007,Bloomfield,671,20216,3319.15
2003,Union,15,741,2024.29
2009,Orange,457,13884,3291.56
2003,Waterbury,7961,108200,7357.67
2007,Bolton,25,4991,500.9
1998,Chaplin,56,2250,2488.89
2005,Enfield,,44933,
2008,Plainville,654,17638,3707.9
2007,Bozrah,35,2546,1374.71
2008,Plymouth,308,12121,2541.04
2009,Oxford,92,12397,742.12
1998,Cheshire,384,28543,1345.34
2009,Plainfield,112,15326,730.78
2005,Essex,,6594,
2007,Branford,815,28223,2887.72
2002,Union,4,725,551.72
2005,Fairfield,,58372,
1998,Chester,42,3743,1122.09
2008,Pomfret,11,4157,264.61
1999,Avon,213,15832,1345.38
2007,Bridgeport,8160,142819,5713.53
2008,Portland,98,9353,1047.79
2009,Plainville,678,17677,3835.49
2009,Plymouth,194,12182,1592.51
2001,Glastonbury,418,32131,1300.92
2000,Harwinton,40,5283,757.15
2003,Hamden,1522,58127,2618.4
2005,Farmington,,24491,
2010,Hartland,12,2114,567.64
2000,Voluntown,31,2528,1226.27
1999,Watertown,377,21661,1740.46
2001,Franklin,35,1844,1898.05
2002,Canton,132,9130,1445.78
2005,Franklin,,1879,
1999,Goshen,31,2697,1149.43
1999,Waterford,652,19152,3404.34
2003,Glastonbury,478,32641,1464.42
1999,Middlefield,50,4203,1189.63
2002,Sherman,20,3778,529.38
2000,Hartland,16,2012,795.23
2010,Harwinton,34,5642,602.62
2001,Farmington,764,23811,3208.6
2005,Goshen,,2837,
2002,Canterbury,49,4780,1025.1
1999,Waterbury,6360,107271,5928.91
2003,Haddam,49,7514,652.12
1999,Middlebury,86,6451,1333.13
2010,Hebron,78,9686,805.29
1999,Eastford,13,1618,803.46
2005,Granby,,10815,
2002,Canaan,17,1112,1528.78
2001,Fairfield,1279,57546,2222.57
1999,Washington,40,3596,1112.35
2005,Glastonbury,,33152,
2010,Killingly,215,17370,1237.77
2010,Kent,28,2979,939.91
2005,Greenwich,,61136,
2002,Shelton,441,38393,1148.65
1999,Warren,9,1254,717.7
2002,Burlington,79,8412,939.13
2000,Scotland,13,1556,835.48
2000,Vernon,892,28063,3178.56
2001,Essex,63,6523,965.81
1999,Meriden,2201,58244,3778.93
1999,Wallingford,929,43026,2159.16
2005,Griswold,,11379,
2005,Groton,,40011,
2001,Enfield,940,45156,2081.67
2010,Killingworth,31,6525,475.1
2005,Guilford,,21887,
2003,Guilford,433,21691,1996.22
1999,Voluntown,30,2528,1186.71
2010,Ledyard,153,15051,1016.54
1999,Marlborough,63,5709,1103.52
2000,Hartford,11220,121578,9228.64
1999,East Windsor,314,9818,3198.21
2001,Ellington,94,13189,712.72
1999,Vernon,730,28063,2601.29
2005,Haddam,,7752,
2001,Easton,38,7294,520.98
2002,Brooklyn,94,7380,1273.71
2002,Brookfield,220,15822,1390.47
2010,Lisbon,106,4338,2443.52
2010,Lebanon,64,7308,875.75
2005,Hamden,,58937,
2000,Southington,826,39728,2079.14
2001,Eastford,18,1631,1103.62
1999,Union,16,693,2308.8
2010,Litchfield,84,8466,992.2
2000,Colchester,190,14551,1305.75
2002,Sharon,17,2931,580.01
1999,Mansfield,266,20720,1283.78
2005,Hampton,,1811,
2002,Bristol,1740,60145,2893.01
2003,Groton,919,39969,2299.28
2001,East Windsor,419,9952,4210.21
2010,Lyme,15,2406,623.44
1999,Trumbull,1247,34243,3641.62
2005,Hartford,,123177,
2000,Union,6,693,865.8
2001,East Lyme,247,18222,1355.5
2010,Madison,230,18269,1258.96
2003,Griswold,96,11150,860.99
1999,Torrington,777,35202,2207.26
2005,Hartland,,2063,
2002,Bridgewater,11,1805,609.42
2003,Franklin,35,1861,1880.71
2010,Manchester,1978,58241,3396.23
2001,East Haven,832,28296,2940.34
2000,Hampton,8,1758,455.06
2005,Harwinton,,5463,
1999,Tolland,86,13146,654.19
1999,Glastonbury,481,31876,1508.97
2002,Bridgeport,8551,140469,6087.46
2005,Hebron,,9148,
2010,Mansfield,186,26543,700.75
1999,East Lyme,253,18118,1396.4
1999,Manchester,2559,54740,4674.83
2010,Marlborough,72,6404,1124.3
2002,Seymour,217,15671,1384.72
2001,East Hartford,1881,49743,3781.44
1999,Thompson,118,8878,1329.13
2000,Sherman,29,3827,757.77
2003,Sherman,31,3753,826.01
2005,Kent,,2919,
2001,East Hampton,91,13313,683.54
1999,Thomaston,116,7503,1546.05
2010,Meriden,1981,60868,3254.58
2002,Branford,901,28552,3155.65
2001,East Haddam,71,8412,844.03
2005,Killingly,,16921,
2003,Greenwich,748,61122,1223.78
2002,Scotland,11,1590,691.82
2005,Killingworth,,6272,
1999,Suffield,148,13552,1092.09
2002,Bozrah,44,2411,1824.97
2000,Sharon,22,2968,741.24
2005,Lebanon,,7108,
2000,Trumbull,1082,34243,3159.77
1999,Madison,183,17858,1024.75
1999,Ashford,48,4098,1171.3
1999,Franklin,39,1835,2125.34
2001,East Granby,39,4785,815.05
2002,Salisbury,42,3930,1068.7
1999,Stratford,1574,49976,3149.51
2002,Bloomfield,722,19767,3652.55
2002,Bolton,48,5010,958.08
1999,Stonington,418,17906,2334.41
2003,Farmington,798,24151,3304.21
2001,Durham,76,6703,1133.82
2000,Clinton,179,13094,1367.04
2005,Lisbon,,4204,
2002,Bethlehem,33,3459,954.03
2010,Middlebury,99,7575,1306.93
2005,Ledyard,,14869,
1999,Lyme,19,2016,942.46
2003,Granby,187,10628,1759.5
1999,Sterling,37,3099,1193.93
2003,Fairfield,1587,57959,2738.14
2001,Derby,426,12442,3423.89
2005,Lyme,,2211,
2002,Bethel,184,18170,1012.66
1999,East Haven,702,28189,2490.33
1999,Stamford,3448,117083,2944.92
1999,Cromwell,368,12871,2859.14
2002,Salem,46,3917,1174.37
2005,Madison,,18064,
2002,Bethany,33,5145,641.4
2001,Deep River,66,4612,1431.05
2005,Litchfield,,8391,
1999,Litchfield,105,8316,1262.63
1999,Stafford,138,11307,1220.48
2001,Darien,232,19720,1176.47
2002,Berlin,489,18545,2636.83
1999,Ansonia,425,18554,2290.61
2000,Torrington,1036,35202,2943.01
2002,Beacon Falls,63,5407,1165.16
1999,Danbury,2268,74848,3030.14
2000,Southbury,258,18567,1389.56
2005,Mansfield,,23632,
2000,Hamden,1889,56913,3319.1
1999,Sprague,41,2971,1380.01
2001,Danbury,2016,75453,2671.86
2005,Marlborough,,6057,
2002,Barkhamsted,29,3555,815.75
2003,Essex,43,6558,655.69
2002,Roxbury,20,2161,925.5
2001,Cromwell,349,12984,2687.92
2005,Meriden,,59556,
2003,Goshen,17,2781,611.29
1999,Southington,951,39728,2393.78
2005,Manchester,,56491,
1999,Lisbon,36,4069,884.74
2002,Avon,196,16285,1203.56
1999,Andover,37,3036,1218.71
1999,Farmington,922,23641,3900
2005,Middlebury,,7013,
2003,Enfield,1302,45045,2890.44
2000,Tolland,76,13146,578.12
2000,Haddam,107,7157,1495.04
1999,Southbury,212,18567,1141.81
2001,Coventry,195,11597,1681.47
2002,Rocky Hill,395,18315,2156.7
1999,Ledyard,158,14687,1075.78
2002,Ansonia,432,18693,2311.03
2002,Ashford,37,4142,893.29
2001,Cornwall,43,1433,3000.7
1999,Simsbury,241,23234,1037.27
2005,Middlefield,,4314,
1999,Fairfield,1570,57340,2738.05
1999,Coventry,153,11504,1329.97
1999,South Windsor,264,24412,1081.44
1999,Lebanon,63,6907,912.12
2005,Milford,,52532,
2002,Andover,30,3089,971.19
2001,Columbia,55,5022,1095.18
1999,Killingworth,30,6018,498.5
2001,Connecticut,106967,3422418,3125.48
2005,Monroe,,19363,
2001,Woodstock,74,7295,1014.39
1999,East Hartford,1980,49575,3993.95
1999,Somers,91,10417,873.57
2005,Middletown,,45408,
2003,Weston,92,10080,912.7
1998,Plainville,631,17328,3641.51
2007,Bridgewater,9,1756,512.53
2009,Pomfret,25,4202,594.95
1999,North Haven,572,23035,2483.18
2000,Canterbury,59,4692,1257.46
2000,North Stonington,86,4991,1723.1
2007,Bristol,1734,60353,2873.1
2003,Westport,597,25942,2301.29
2009,Portland,92,9430,975.61
2000,Middlefield,68,4203,1617.89
1998,Plymouth,217,11634,1865.22
2003,Wethersfield,731,26390,2769.99
2003,East Hartford,2181,50078,4355.21
2002,Greenwich,570,61115,932.67
2007,Brookfield,177,16216,1091.51
1998,Pomfret,27,3798,710.9
2000,Middlebury,127,6451,1968.69
1999,North Canaan,49,3350,1462.69
2007,Brooklyn,66,7899,835.55
2003,Willington,100,5984,1671.12
2009,Prospect,48,9335,514.19
2009,Preston,52,4722,1101.23
1998,Portland,90,8732,1030.69
2002,Ridgefield,129,23842,541.06
1999,North Branford,135,13906,970.8
2000,Meriden,2164,58244,3715.4
2002,Trumbull,933,34598,2696.69
2007,Burlington,82,8968,914.36
2003,Wilton,149,17762,838.87
2000,Sterling,28,3099,903.52
1998,Preston,62,4688,1322.53
2009,Putnam,50,9526,524.88
1999,Norfolk,19,1660,1144.58
2007,Canaan,13,1188,1094.28
2003,Winchester,308,10837,2842.11
2000,Marlborough,66,5709,1156.07
2002,Torrington,1117,35438,3151.98
2003,Windham,168,23580,712.47
2009,Redding,49,9069,540.3
1998,Prospect,81,8707,930.29
2007,Canterbury,19,5000,380
2000,North Haven,635,23035,2756.67
1999,Newtown,219,25031,874.92
2003,Windsor,658,28479,2310.47
2009,Ridgefield,71,24539,289.34
2000,Mansfield,262,20720,1264.48
2007,Canton,135,9856,1369.72
2009,Rocky Hill,318,19535,1627.85
1998,Putnam,72,9002,799.82
2003,Windsor Locks,236,12180,1937.6
2002,Granby,159,10534,1509.4
2007,Chaplin,28,2289,1223.24
1998,Redding,45,8270,544.14
1999,Newington,766,29306,2613.8
2000,Manchester,2638,54740,4819.15
2003,Wolcott,356,15655,2274.03
2009,Roxbury,16,2249,711.43
2000,Canaan,17,1081,1572.62
2007,Cheshire,288,29046,991.53
2009,Salem,21,4122,509.46
1998,Ridgefield,153,23643,647.13
1999,New Milford,488,27121,1799.34
2003,Shelton,529,38538,1372.67
2000,East Lyme,245,18118,1352.25
2007,Chester,44,3919,1122.74
2003,East Hampton,132,13234,997.43
2009,Salisbury,46,3765,1221.78
2000,East Granby,61,4745,1285.56
1998,Rocky Hill,440,17966,2449.07
2003,Woodbridge,121,8985,1346.69
2007,Clinton,276,13210,2089.33
2002,Tolland,88,13527,650.55
2009,Scotland,10,1709,585.14
2000,Madison,226,17858,1265.54
1999,New London,1266,25671,4931.63
2003,Woodstock,73,7444,980.66
2003,Woodbury,95,9431,1007.32
1998,Roxbury,29,2136,1357.68
2003,Westbrook,82,6486,1264.26
2007,Colchester,95,15613,608.47
2009,Seymour,243,16431,1478.91
2000,Stamford,3065,117083,2617.8
2004,Andover,16,3143,509.07
2000,Burlington,70,8190,854.7
2007,Colebrook,9,1481,607.7
2009,Sharon,20,2801,714.03
1999,New Haven,12009,123626,9713.98
2003,Sharon,29,2912,995.88
1998,Salem,51,3858,1321.93
2004,Ansonia,424,18832,2251.49
2002,Redding,34,8448,402.46
2007,Columbia,37,5331,694.05
1998,Salisbury,58,3977,1458.39
1999,New Hartford,61,6088,1001.97
2009,Shelton,530,39413,1344.73
2007,Connecticut,97347,3523537,2762.76
2004,Ashford,27,4186,645.01
2009,Sherman,33,3606,915.14
1998,Scotland,20,1556,1285.35
2000,Lyme,16,2016,793.65
2004,Avon,174,16738,1039.55
2007,Cornwall,23,1424,1615.17
2009,Simsbury,204,23483,868.71
2002,Goshen,18,2753,653.83
1999,New Fairfield,83,13953,594.85
1998,Seymour,358,15454,2316.55
2007,Coventry,166,12156,1365.58
2003,Seymour,341,15780,2160.96
2002,Putnam,103,9118,1129.63
2000,East Haddam,89,8333,1068.04
1999,New Canaan,211,19395,1087.91
2004,Barkhamsted,23,3616,636.06
1998,Sharon,36,2968,1212.94
2000,Litchfield,106,8316,1274.65
2007,Cromwell,335,13665,2451.52
2004,Beacon Falls,51,5567,916.11
2009,South Windsor,455,25579,1778.8
2009,Somers,69,11341,608.41
2002,Thompson,78,8994,867.24
2004,Berlin,412,18875,2182.78
2007,Danbury,1626,79080,2056.15
2009,Southbury,161,19770,814.37
2002,Prospect,94,8847,1062.51
1999,New Britain,3963,71538,5539.71
2007,Darien,211,20395,1034.57
2000,Brooklyn,106,7173,1477.76
1998,Sherman,23,3827,600.99
2004,Bethel,134,18274,733.28
2000,Stafford,147,11307,1300.08
2002,Preston,66,4696,1405.45
2007,Deep River,27,4623,584.04
2009,Sprague,41,2983,1374.46
2000,Durham,71,6627,1071.37
1999,Naugatuck,608,30989,1961.99
1998,Shelton,701,38101,1839.85
2004,Bethlehem,16,3496,457.67
1998,Simsbury,278,23234,1196.52
2007,Derby,499,12749,3914.03
2003,Scotland,13,1607,808.96
2009,Stafford,77,12009,641.19
2002,Portland,83,8887,933.95
1998,Somers,93,10417,892.77
2009,Southington,788,42735,1843.92
2000,Brookfield,190,15664,1212.97
2007,Durham,55,7160,768.16
2004,Bloomfield,599,19947,3002.96
2009,Stamford,2498,122087,2046.08
1999,Morris,18,2301,782.27
2002,Glastonbury,421,32386,1299.94
1998,South Windsor,285,24412,1167.46
2007,East Granby,53,5027,1054.31
2000,North Canaan,44,3350,1313.43
2009,Sterling,35,3757,931.59
2000,Lisbon,44,4069,1081.35
2003,Salisbury,41,3906,1049.67
2002,Thomaston,113,7580,1490.77
2004,Bethany,40,5249,762.05
2007,East Haddam,77,8888,866.34
2004,Bozrah,32,2465,1298.17
1999,Montville,261,18546,1407.31
2004,Bolton,45,5002,899.64
1998,Southbury,268,18567,1443.42
2000,Bristol,1730,60062,2880.36
2009,Stonington,276,18481,1493.43
2007,East Hampton,184,13077,1407.05
2000,Ledyard,175,14687,1191.53
2000,Derby,442,12391,3567.11
2003,West Haven,2380,53321,4463.53
1998,Southington,1155,39728,2907.27
2007,East Hartford,1839,50749,3623.72
2004,Bridgeport,7888,141409,5578.15
2009,Suffield,177,15517,1140.68
2009,Stratford,1617,51243,3155.55
1998,Sprague,31,2971,1043.42
1999,Monroe,215,19247,1117.06
2004,Bridgewater,3,1785,168.07
2002,Pomfret,22,3888,565.84
2007,East Haven,811,28937,2802.64
2000,Lebanon,71,6907,1027.94
2009,Thomaston,124,7849,1579.82
2000,Killingworth,40,6018,664.67
1998,Stafford,206,11307,1821.88
2002,Suffield,154,13989,1100.86
2004,Branford,821,28420,2888.81
2007,East Lyme,233,18847,1236.27
2004,Bristol,1819,60228,3020.19
2009,Thompson,81,9400,861.7
2000,Killingly,350,16472,2124.82
1999,Milford,2077,52305,3970.94
1998,Stamford,4491,117083,3835.74
2007,East Windsor,391,10759,3634.17
2004,Brookfield,188,15979,1176.54
2009,Tolland,91,14861,612.34
2002,Stratford,1584,50258,3151.74
2004,Brooklyn,67,7588,882.97
2007,Eastford,6,1710,350.88
1999,Bethany,46,5040,912.7
2000,Kent,35,2858,1224.63
2000,Sprague,24,2971,807.81
2009,Torrington,833,36265,2296.98
1999,North Stonington,96,4991,1923.46
2007,Easton,30,7425,404.04
1998,Sterling,39,3099,1258.47
1998,Stonington,443,17906,2474.03
1999,Middletown,1333,43167,3088.01
2002,Franklin,36,1852,1943.84
2000,Hebron,51,8610,592.33
2004,Burlington,50,8634,579.11
2002,Stonington,509,18034,2822.45
2004,Canaan,7,1142,612.96
2009,Trumbull,823,35841,2296.25
2003,Portland,157,8965,1751.25
2000,Franklin,50,1835,2724.8
2003,Salem,27,3946,684.24
2003,Ellington,111,13725,808.74
2001,Old Saybrook,274,10355,2646.06
2002,Harwinton,53,5355,989.73
2002,Plymouth,232,11756,1973.46
2003,Somers,80,10725,745.92
2002,Durham,51,6779,752.32
2002,Hartland,6,2032,295.28
2003,East Haddam,56,8571,653.37
2000,Farmington,752,23641,3180.91
2001,Old Lyme,96,7426,1292.76
2003,East Granby,42,4866,863.13
1999,Woodbridge,165,8983,1836.8
2003,Pomfret,37,3933,940.76
2003,Plymouth,319,11817,2699.5
2002,Sterling,50,3245,1540.83
2002,Hartford,10943,122217,8953.75
2002,Derby,399,12493,3193.79
2000,Deep River,64,4610,1388.29
2005,Montville,,19059,
2001,Norwich,1266,36555,3463.27
2000,Fairfield,1314,57340,2291.59
2000,Putnam,102,9002,1133.08
2003,Trumbull,933,34776,2682.88
2003,Plainville,730,17444,4184.82
2005,Naugatuck,,31426,
2000,Essex,52,6505,799.39
2002,Marlborough,60,5848,1025.99
2005,Morris,,2345,
2002,Deep River,42,4614,910.27
1999,Wolcott,273,15215,1794.28
2005,New Britain,,72372,
2000,Enfield,1000,45212,2211.8
2001,Norwalk,2558,83216,3073.93
2003,Plainfield,237,14855,1595.42
2003,Watertown,438,21917,1998.45
1999,Ellington,110,12921,851.33
2005,New Fairfield,,13917,
2005,New Canaan,,19567,
2003,Oxford,118,10680,1104.87
2002,Winchester,140,10780,1298.7
2000,Ellington,98,12921,758.46
2001,North Stonington,79,5022,1573.08
2005,New Hartford,,6529,
2003,Orange,391,13450,2907.06
2002,Stamford,2391,118195,2022.93
2000,Easton,38,7272,522.55
1999,Windsor Locks,179,12043,1486.34
2002,Plainville,599,17406,3441.34
2002,Wilton,137,17719,773.18
2002,Mansfield,251,21885,1146.9
2002,Hampton,13,1779,730.75
2005,New Haven,,126703,
2000,Eastford,17,1618,1050.68
2002,Old Saybrook,276,10342,2668.73
2003,Durham,78,6855,1137.86
2002,Stafford,138,11463,1203.87
2000,Bridgewater,10,1824,548.25
2003,Old Saybrook,300,10330,2904.16
2002,Willington,87,5975,1456.07
2000,East Windsor,368,9818,3748.22
2001,North Haven,626,23141,2705.16
2005,New Milford,,27632,
2005,New London,,26646,
2003,Derby,489,12544,3898.28
2000,Prospect,72,8707,826.92
2002,Darien,167,19832,842.07
2002,Manchester,2298,55440,4145.02
2001,North Canaan,34,3347,1015.84
2003,Norwich,1560,37430,4167.78
2005,Newington,,29934,
2003,Old Lyme,87,7465,1165.44
2003,Roxbury,34,2174,1563.94
2002,Madison,227,17940,1265.33
2002,Old Lyme,96,7445,1289.46
1999,West Hartford,1842,63589,2896.73
2005,Newtown,,26296,
2001,North Branford,135,13956,967.33
2002,Danbury,2198,76057,2889.94
2002,Wethersfield,617,26350,2341.56
1999,Windsor,543,28237,1923.01
2003,Norwalk,3235,83747,3862.82
2001,Norfolk,7,1665,420.42
1999,Essex,64,6505,983.86
2003,North Stonington,73,5083,1436.16
2003,Deep River,50,4616,1083.19
2000,Warren,6,1254,478.47
2003,North Haven,564,23352,2415.21
2000,Preston,42,4688,895.9
2005,North Canaan,,3333,
2003,Rocky Hill,428,18489,2314.89
1999,Windham,210,22857,918.76
2001,Newtown,232,25284,917.58
2005,Norfolk,,1685,
2001,Newington,689,29432,2340.99
2002,Cromwell,257,13098,1962.13
2002,Coventry,112,11690,958.08
2003,North Canaan,48,3340,1437.13
2002,Sprague,42,2974,1412.24
2005,North Branford,,14157,
2002,Norwich,1266,36992,3422.36
2001,New Milford,346,27223,1270.98
2003,Easton,58,7337,790.51
2005,North Haven,,23564,
2002,Cornwall,24,1431,1677.15
2003,Ridgefield,94,23942,392.62
2001,New London,1159,25866,4480.79
2002,Westport,535,25877,2067.47
2005,North Stonington,,5144,
2005,Norwalk,,84277,
2002,Norwalk,2981,83481,3570.87
1999,Winchester,235,10664,2203.68
2002,Lyme,20,2094,955.11
2003,North Branford,186,14056,1323.28
2001,New Haven,9939,124241,7999.77
2005,Norwich,,38305,
2003,Norfolk,15,1675,895.52
2001,New Hartford,71,6176,1149.61
2003,Redding,90,8536,1054.36
1999,Chester,40,3743,1068.66
2003,Putnam,85,9177,926.23
2002,Connecticut,104373,3439271,3034.74
2003,Eastford,20,1657,1207
1999,Wilton,183,17633,1037.83
2005,Old Saybrook,,10305,
2005,Old Lyme,,7505,
2002,Plainfield,288,14776,1949.11
2001,New Fairfield,58,13946,415.89
2003,East Windsor,429,10221,4197.24
2001,New Canaan,128,19429,658.81
2003,Newtown,305,25790,1182.63
2000,Portland,113,8732,1294.09
2003,Newington,881,29683,2968.03
1999,Willington,57,5959,956.54
2002,Columbia,54,5074,1064.25
2002,Oxford,68,10393,654.29
2000,Shelton,627,38101,1645.63
2000,Bridgeport,8900,139529,6378.6
2005,Oxford,,11252,
2003,Prospect,90,8916,1009.42
2001,New Britain,4006,71705,5586.78
2002,Litchfield,106,8346,1270.07
2002,Southington,909,40396,2250.22
2005,Orange,,13595,
2003,New Milford,400,27427,1458.42
2001,Naugatuck,698,31076,2246.11
2003,West Hartford,2282,63493,3594.1
2002,Southbury,181,18834,961.03
2003,Darien,239,19945,1198.3
2000,Darien,296,19607,1509.66
2001,Morris,16,2310,692.64
2003,New London,1258,26256,4791.29
2002,North Stonington,90,5052,1781.47
1999,Easton,73,7272,1003.85
1999,Wethersfield,489,26271,1861.37
2002,Weston,75,10065,745.16
2001,Montville,296,18649,1587.22
2002,Colebrook,5,1474,339.21
1999,Enfield,1104,45212,2441.83
2003,New Hartford,75,6353,1180.54
2003,Torrington,1453,35556,4086.51
2000,Wallingford,818,43026,1901.18
2002,Hamden,1335,57722,2312.81
2003,New Fairfield,44,13931,315.84
2005,Plymouth,,11939,
2002,Orange,201,13378,1502.47
2002,Colchester,190,14854,1279.12
2002,Lisbon,82,4123,1988.84
2003,East Lyme,205,18430,1112.32
1999,Westport,589,25749,2287.47
2002,Westbrook,95,6421,1479.52
2002,Clinton,283,13127,2155.86
2002,South Windsor,243,24671,984.96
2000,Branford,807,28683,2813.51
2003,Danbury,2049,76662,2672.77
2005,Plainfield,,15012,
2003,Preston,51,4699,1085.34
2003,Warren,6,1316,455.93
2001,Monroe,264,19270,1370.01
1999,Weston,89,10037,886.72
2003,New Britain,3752,72038,5208.36
2003,New Canaan,123,19498,630.83
2002,West Haven,1989,53001,3752.76
2001,Milford,2078,52350,3969.44
2005,Pomfret,,4023,
2005,Portland,,9120,
2002,Chester,43,3793,1133.67
2003,Naugatuck,661,31251,2115.13
2003,New Haven,10790,125472,8599.53
2003,East Haven,759,28509,2662.32
2005,Prospect,,9056,
2001,Middletown,1239,43615,2840.77
2002,Cheshire,344,28687,1199.15
2005,Putnam,,9293,
2005,Plainville,,17522,
2003,Morris,27,2327,1160.29
2005,Preston,,4707,
1999,Westbrook,153,6292,2431.66
2001,Middlefield,81,4225,1917.16
2005,Redding,,8714,
2002,Chaplin,34,2261,1503.76
2002,Somers,88,10622,828.47
2002,North Haven,488,23247,2099.2
2003,Montville,215,18854,1140.34
2000,Newtown,240,25031,958.81
1999,West Haven,2107,52360,4024.06
2001,Middlebury,88,6563,1340.85
2005,Ridgefield,,24141,
2002,Simsbury,218,23289,936.06
2002,Ledyard,168,14760,1138.21
2002,North Canaan,33,3343,987.14
2003,Monroe,258,19317,1335.61
2005,Rocky Hill,,18838,
2003,Cromwell,380,13211,2876.39
2001,Meriden,2328,58506,3979.08
1998,Clinton,278,13094,2123.11
2007,Ellington,155,14798,1047.44
2004,Canterbury,40,4868,821.69
1999,Bloomfield,516,19587,2634.4
1998,Stratford,1531,49976,3063.47
2007,Enfield,1034,44821,2306.95
1999,Sherman,31,3827,810.03
2001,Marlborough,59,5779,1020.94
1998,Colchester,178,14551,1223.28
2005,Salem,,4005,
2005,Roxbury,,2199,
2002,North Branford,124,14006,885.33
1998,Suffield,125,13552,922.37
2001,Mansfield,288,21302,1351.99
2007,Essex,83,6630,1251.89
2003,Coventry,211,11783,1790.72
1999,Preston,51,4688,1087.88
1998,Thomaston,156,7503,2079.17
2003,Chester,28,3818,733.37
2000,Norfolk,17,1660,1024.1
2003,Stamford,2757,118751,2321.66
2000,Suffield,137,13552,1010.92
1998,Colebrook,14,1471,951.73
1999,Shelton,602,38101,1580.01
2002,Norfolk,9,1670,538.92
2004,Cheshire,322,28830,1116.89
2004,Chaplin,23,2272,1012.32
2005,Scotland,,1641,
2005,Salisbury,,3859,
1998,Thompson,107,8878,1205.23
2004,Canton,131,9421,1390.51
2000,East Haven,731,28189,2593.21
2010,Ansonia,355,19249,1844.25
1998,Columbia,82,4971,1649.57
1999,Sharon,38,2968,1280.32
2005,Seymour,,15997,
2007,Franklin,31,1896,1635.02
2004,Chester,15,3843,390.32
1998,Tolland,84,13146,638.98
2010,Andover,35,3303,1059.64
2007,Fairfield,1020,58785,1735.14
2004,Clinton,292,13160,2218.84
1998,Connecticut,123988,3405565,3640.75
1999,Cheshire,380,28543,1331.32
2001,Manchester,2304,55090,4182.25
1999,Portland,112,8732,1282.64
2001,Madison,155,17899,865.97
1998,Torrington,684,35202,1943.07
2007,Farmington,651,24830,2621.83
1999,Bethlehem,27,3422,789.01
2005,Shelton,,38830,
1998,Cornwall,50,1434,3486.75
2007,Goshen,32,2892,1106.5
2004,Colchester,177,15158,1167.7
1999,Pomfret,20,3798,526.59
2010,Ashford,34,4317,787.58
2001,Litchfield,109,8331,1308.37
2001,Lyme,22,2055,1070.56
1998,Trumbull,1162,34243,3393.39
2003,Cheshire,368,28758,1279.64
2010,Barkhamsted,20,3799,526.45
2007,Granby,137,11002,1245.23
1998,Coventry,143,11504,1243.05
1999,Seymour,265,15454,1714.77
2005,Sharon,,2875,
2000,Canton,131,8840,1481.9
2007,Glastonbury,422,33662,1253.64
2001,Lisbon,66,4096,1611.33
2004,Colebrook,9,1477,609.34
2002,Newtown,277,25537,1084.7
2003,Cornwall,31,1430,2167.83
1999,Plymouth,205,11634,1762.08
2004,Columbia,40,5177,772.65
1998,Union,11,693,1587.3
2007,Greenwich,495,61150,809.48
2001,Ledyard,155,14723,1052.77
2002,Newington,764,29557,2584.84
1998,Cromwell,323,12871,2509.52
1998,Vernon,636,28063,2266.33
2004,Connecticut,105880,3472978,3048.68
2005,Sherman,,3704,
1998,Danbury,2339,74848,3125
2000,Salem,49,3858,1270.09
2000,Ridgefield,113,23643,477.94
1999,Plainville,566,17328,3266.39
2005,Somers,,10931,
2002,New Milford,443,27325,1621.23
2000,Thompson,96,8878,1081.32
1998,Voluntown,28,2528,1107.59
2005,South Windsor,,25061,
2007,Groton,861,40053,2149.65
2003,Middletown,1414,44511,3176.74
1998,Darien,330,19607,1683.07
2001,Killingworth,41,6069,675.56
2010,Avon,192,18098,1060.89
2007,Guilford,370,22082,1675.57
2004,Coventry,138,11876,1162.01
2005,Southbury,,19236,
1999,Scotland,13,1556,835.48
2003,Chaplin,26,2267,1146.89
2004,Cromwell,338,13325,2536.59
2003,Canton,144,9276,1552.39
1998,Wallingford,1174,43026,2728.58
2005,Simsbury,,23373,
2000,East Hartford,2331,49575,4701.97
2005,Southington,,41399,
2001,Killingly,386,16562,2330.64
1998,Deep River,119,4610,2581.34
1998,Warren,17,1254,1355.66
2005,Sprague,,2978,
2001,Lebanon,65,6947,935.66
1999,Plainfield,402,14619,2749.85
1998,Derby,472,12391,3809.22
2007,Griswold,109,11608,939.01
2010,Bethlehem,20,3607,554.48
2000,West Hartford,2083,63589,3275.72
2007,Hamden,1530,59746,2560.84
2000,Glastonbury,469,31876,1471.33
2004,Danbury,2011,77266,2602.7
2001,Kent,34,2870,1184.67
2010,Berlin,360,19866,1812.14
1999,Chaplin,27,2250,1200
2004,Darien,220,20057,1096.87
1999,Salisbury,48,3977,1206.94
2000,Stratford,1584,49976,3169.52
2007,Haddam,62,7989,776.07
2004,Deep River,33,4618,714.6
2004,Cornwall,26,1428,1820.73
2005,Stamford,,119863,
1998,Washington,41,3596,1140.16
1998,East Granby,49,4745,1032.67
2007,Hampton,8,1832,436.68
2001,Hebron,57,8718,653.82
2010,Bolton,37,4980,742.97
1999,Canton,114,8840,1289.59
1998,Waterbury,7187,107271,6699.85
1998,Durham,110,6627,1659.88
2005,Sterling,,3465,
2010,Bethel,202,18584,1086.96
2007,Hartland,7,2083,336.05
1999,Oxford,102,9821,1038.59
1998,East Haddam,95,8333,1140.05
2005,Stafford,,11697,
2001,Harwinton,38,5319,714.42
1998,Waterford,786,19152,4104.01
1999,Canterbury,43,4692,916.45
2010,Bloomfield,595,20486,2904.42
1999,Orange,539,13233,4073.15
2004,Durham,61,6931,880.1
2005,Stonington,,18226,
1998,East Hampton,171,13352,1280.71
2007,Harwinton,35,5534,632.45
2004,East Granby,42,4906,856.09
2002,New London,1196,26061,4589.23
1998,Watertown,396,21661,1828.17
1999,Canaan,20,1081,1850.14
2004,Derby,491,12595,3898.37
1999,Old Saybrook,192,10367,1852.03
2005,Stratford,,50680,
2000,East Hampton,126,13352,943.68
1998,East Hartford,2321,49575,4681.8
2003,Connecticut,117916,3456125,3411.8
2010,Beacon Falls,93,6049,1537.44
2007,Kent,29,2943,985.39
1998,West Hartford,2081,63589,3272.58
2002,New Haven,9426,124857,7549.44
2005,Suffield,,14644,
1999,Salem,52,3858,1347.85
2004,East Hampton,107,13195,810.91
1999,Burlington,57,8190,695.97
1998,East Haven,880,28189,3121.79
2001,Hartford,10789,121898,8850.84
2000,Watertown,464,21661,2142.1
2007,Hartford,8617,123816,6959.52
1998,West Haven,2348,52360,4484.34
2003,Stafford,91,11541,788.49
2001,Hartland,8,2022,395.65
1999,Roxbury,35,2136,1638.58
2005,Thompson,,9168,
2005,Thomaston,,7695,
1999,Old Lyme,146,7406,1971.37
2000,Roxbury,22,2136,1029.96
2001,Hampton,18,1769,1017.52
2007,Hebron,29,9363,309.73
1998,East Lyme,220,18118,1214.26
2004,East Haven,616,28616,2152.64
2004,East Hartford,2067,50246,4113.76
2005,Tolland,,14099,
2004,East Haddam,40,8650,462.43
2007,Lebanon,56,7188,779.08
1998,Westbrook,141,6292,2240.94
1998,East Windsor,354,9818,3605.62
2010,Bethany,42,5563,754.99
2002,New Hartford,54,6264,862.07
2007,Killingly,208,17101,1216.3
1999,Rocky Hill,345,17966,1920.29
2003,Columbia,63,5125,1229.27
2005,Torrington,,35793,
2001,Hamden,1595,57318,2782.72
2007,Ledyard,118,14942,789.72
2004,East Lyme,187,18534,1008.96
2010,Bozrah,32,2627,1218.12
2000,Thomaston,109,7503,1452.75
2007,Killingworth,26,6373,407.97
2004,East Windsor,358,10356,3456.93
1999,Brooklyn,108,7173,1505.65
1998,Eastford,13,1618,803.46
2001,Haddam,85,7276,1168.22
2010,Bridgeport,6081,144229,4216.21
1999,Ridgefield,126,23643,532.93
2003,Canterbury,55,4824,1140.13
1999,Bethel,194,18067,1073.78
1998,Easton,65,7272,893.84
2003,Colebrook,6,1475,406.78
2005,Trumbull,,35131,
2003,Sprague,48,2975,1613.45
2000,Waterford,728,19152,3801.17
2001,Guilford,353,21496,1642.17
2005,Union,,774,
2007,Litchfield,111,8421,1318.13
1999,Norwich,1246,36117,3449.9
2004,Eastford,7,1670,419.16
1998,Ellington,86,12921,665.58
2010,Brooklyn,88,8210,1071.86
1999,Redding,55,8270,665.05
2004,Easton,25,7359,339.72
1999,Brookfield,174,15664,1110.83
2005,Vernon,,28621,
2003,Colchester,130,15006,866.32
2007,Lyme,17,2289,742.68
2000,Goshen,25,2697,926.96
2001,Groton,1045,39928,2617.21
2005,Voluntown,,2566,
2010,Branford,846,28026,3018.63
1998,Enfield,1119,45212,2475.01
2004,Ellington,48,13993,343.03
2000,Waterbury,6984,107271,6510.61
2007,Lisbon,107,4257,2513.51
1999,Bristol,1520,60062,2530.72
2007,Madison,189,18146,1041.55
2004,Enfield,1011,44989,2247.22
2001,Griswold,144,10921,1318.56
2000,Stonington,415,17906,2317.66
2003,Middlefield,73,4270,1709.6
2010,Chaplin,24,2305,1041.21
1998,Essex,59,6505,906.99
2005,Wallingford,,44081,
1999,Putnam,77,9002,855.37
2003,Clinton,322,13144,2449.79
1999,Bridgewater,21,1824,1151.32
2005,Warren,,1358,
2010,Bridgewater,15,1727,868.56
1999,Norwalk,3609,82951,4350.76
2004,Essex,38,6576,577.86
2010,Chester,45,3994,1126.69
1998,Fairfield,2003,57340,3493.2
2001,Greenwich,772,61108,1263.34
2004,Fairfield,1353,58166,2326.1
2005,Washington,,3587,
2010,Bristol,1512,60477,2500.12
2001,Granby,122,10441,1168.47
2007,Mansfield,195,24796,786.42
1999,Prospect,64,8707,735.04
2010,Burlington,61,9301,655.84
1999,Bridgeport,8285,139529,5937.83
1998,Farmington,869,23641,3675.82
2002,New Fairfield,84,13939,602.63
2010,Brookfield,149,16452,905.66
2007,Meriden,2266,60081,3771.58
2000,Rocky Hill,419,17966,2332.18
1999,Branford,869,28683,3029.67
2005,Waterbury,,108819,
2001,Goshen,26,2725,954.13
2004,Franklin,29,1870,1550.8
2004,Farmington,737,24321,3030.3
1998,Franklin,46,1835,2506.81
2010,Cheshire,336,29261,1148.29
2007,Middlebury,71,7238,980.93
2010,Canton,122,10292,1185.39
2007,Manchester,2088,57191,3650.92
2002,New Canaan,105,19464,539.46
2003,Canaan,11,1127,976.04
2010,Canaan,13,1234,1053.48
2005,Waterford,,19335,
2010,Colchester,184,16068,1145.13
2001,Colebrook,10,1472,679.35
2005,Watertown,,22088,
1998,Glastonbury,532,31876,1668.97
2010,Canterbury,40,5132,779.42
2001,Woodbury,109,9276,1175.08
2008,Branford,852,28157,3025.89
2008,Preston,64,4718,1356.51
2010,Colebrook,13,1485,875.42
2004,Naugatuck,542,31338,1729.53
2001,Colchester,249,14703,1693.53
2007,Marlborough,31,6196,500.32
2004,Glastonbury,461,32896,1401.39
2005,West Hartford,,63429,
2003,Southington,1105,40730,2712.99
2001,Woodbridge,185,8984,2059.22
1998,Goshen,22,2697,815.72
2009,Bolton,35,4984,702.25
2003,Bolton,65,5006,1298.44
2010,Clinton,410,13260,3092.01
2004,New Britain,3302,72205,4573.09
2001,Clinton,194,13111,1479.67
2000,Bozrah,45,2357,1909.21
2001,Wolcott,369,15362,2402.03
2008,Prospect,83,9265,895.84
2004,New Canaan,187,19532,957.4
2004,Granby,131,10721,1221.9
2003,Ledyard,135,14796,912.41
2003,Avon,244,16512,1477.71
1998,Granby,195,10347,1884.6
2010,Connecticut,88534,3574097,2477.1
2007,Middlefield,39,4358,894.91
2001,Chester,39,3768,1035.03
2006,Farmington,696,24660,2822.38
2005,Westbrook,,6615,
2006,Essex,60,6612,907.44
2003,Tolland,94,13718,685.23
2004,Goshen,19,2809,676.4
2001,Windsor Locks,272,12089,2249.98
2008,Bridgewater,12,1746,687.29
2008,Redding,51,8980,567.93
2004,New Fairfield,42,13924,301.64
1998,Greenwich,1030,61101,1685.73
2003,Madison,180,17981,1001.06
2000,Bolton,41,5017,817.22
2006,Fairfield,1159,58578,1978.56
2001,Cheshire,351,28615,1226.63
2003,Bloomfield,715,19857,3600.75
2008,Brookfield,171,16294,1049.47
2000,Plainfield,378,14619,2585.68
2001,Windsor,604,28318,2132.92
2010,Columbia,54,5485,984.5
2004,New Hartford,48,6441,745.23
2004,Groton,926,39990,2315.58
2004,Griswold,95,11265,843.32
1998,Griswold,170,10807,1573.05
2005,Weston,,10108,
2004,New Haven,10377,126087,8230.03
2004,Greenwich,673,61129,1100.95
2000,Bloomfield,788,19587,4023.08
2005,Westport,,26070,
2001,Windham,207,23098,896.18
2007,Monroe,201,19409,1035.6
2004,Guilford,377,21789,1730.23
2001,Chaplin,56,2256,2482.27
2003,Burlington,105,8523,1231.96
2006,Franklin,25,1887,1324.85
1998,Groton,1104,39907,2766.43
2006,Glastonbury,416,33407,1245.25
2007,Milford,1991,52623,3783.52
2005,Wethersfield,,26470,
2001,Canton,113,8985,1257.65
2004,New London,1139,26451,4306.08
2001,Winchester,122,10722,1137.85
2006,Granby,143,10908,1310.96
2003,Bethlehem,27,3478,776.31
2005,West Haven,,53962,
2007,New Britain,3968,72706,5457.6
2003,Ashford,57,4164,1368.88
1998,Guilford,463,21398,2163.75
2005,Willington,,6000,
2001,Canterbury,40,4736,844.59
2004,New Milford,328,27529,1191.47
2004,Hamden,1243,58532,2123.62
2000,Bethlehem,15,3422,438.34
1999,East Hampton,135,13352,1011.08
2006,Goshen,18,2864,628.49
2007,New Canaan,189,19635,962.57
2006,Griswold,118,11493,1026.71
2007,Middletown,1315,46304,2839.93
2001,Wilton,207,17676,1171.08
1998,Haddam,92,7157,1285.45
2003,Stratford,2250,50398,4464.46
2004,Hampton,8,1800,444.44
2008,Burlington,66,9079,726.95
2001,Willington,73,5967,1223.4
2005,Wilton,,17848,
2007,New Fairfield,47,13903,338.06
2004,Haddam,44,7633,576.44
2003,Brooklyn,101,7484,1349.55
2005,Winchester,,10953,
2008,Brooklyn,80,8003,999.63
2001,Canaan,14,1096,1277.37
1998,Hamden,2128,56913,3739.04
2006,Groton,911,40032,2275.68
2003,Lebanon,78,7027,1110
2006,Greenwich,566,61143,925.7
2007,New Hartford,60,6705,894.85
2000,Salisbury,52,3977,1307.52
2007,Naugatuck,648,31600,2050.63
2005,Windham,,24063,
2008,Bristol,1689,60394,2796.64
2001,Wethersfield,584,26311,2219.6
2001,Burlington,64,8301,770.99
2004,Hartford,12830,122857,10443.04
1998,Hampton,13,1758,739.48
2008,Salisbury,36,3788,950.37
2004,North Branford,218,14106,1545.44
2004,Hartland,3,2053,146.13
2001,Westport,597,25813,2312.79
2004,Newington,972,29808,3260.87
2006,Guilford,347,21984,1578.42
2004,Newtown,270,26043,1036.75
2003,Bethel,237,18222,1300.63
2006,Haddam,66,7870,838.63
2003,Lyme,20,2133,937.65
2005,Windsor,,28641,
1998,Hartford,11955,121578,9833.19
2004,Harwinton,30,5427,552.79
2001,Weston,78,10051,776.04
2005,Windsor Locks,,12271,
2008,Canterbury,40,5044,793.02
2003,Ansonia,433,18763,2307.73
2000,Bethel,167,18067,924.34
2003,Brookfield,231,15900,1452.83
2007,New Haven,9757,127933,7626.65
2008,Seymour,257,16323,1574.47
2004,North Haven,530,23458,2259.36
2001,Brooklyn,119,7277,1635.29
1998,Hartland,13,2012,646.12
2003,Killingworth,40,6170,648.3
2006,Hamden,1846,59341,3110.83
2007,New Milford,336,27836,1207.07
2001,Brookfield,155,15743,984.56
2004,Hebron,56,9040,619.47
1999,Colebrook,21,1471,1427.6
2005,Wolcott,,15948,
2004,North Stonington,45,5113,880.11
2001,Westbrook,118,6357,1856.22
2004,Norfolk,15,1680,892.86
2005,Woodbridge,,8987,
1998,Harwinton,42,5283,795
2004,North Canaan,35,3336,1049.16
2006,Hartland,4,2073,192.96
2004,Kent,28,2906,963.52
2005,Woodbury,,9587,
2000,Norwalk,3282,82951,3956.55
2007,Newtown,171,26801,638.04
2000,Bethany,34,5040,674.6
2008,Colebrook,13,1482,877.19
2007,New London,1193,27035,4412.8
2006,Hartford,10354,123496,8384.08
2003,Andover,35,3116,1123.23
1998,Hebron,90,8610,1045.3
2001,Bristol,1735,60104,2886.66
2007,Newington,1067,30185,3534.87
2006,Hampton,9,1821,494.23
2001,Bridgewater,19,1814,1047.41
2001,West Hartford,1885,63557,2965.84
2003,Southbury,197,18968,1038.59
2005,Woodstock,,7593,
2001,West Haven,2325,52680,4413.44
2003,Bristol,2230,60187,3705.12
2001,Watertown,429,21746,1972.78
2003,Bethany,31,5197,596.5
1998,Kent,45,2858,1574.53
1999,East Haddam,95,8333,1140.05
2004,Old Lyme,69,7485,921.84
2004,Killingly,221,16831,1313.05
2000,Oxford,101,9821,1028.41
2006,Andover,19,3196,594.49
2004,Killingworth,25,6221,401.86
2000,Berlin,374,18215,2053.25
2001,Bridgeport,8161,139999,5829.33
2002,Woodstock,52,7370,705.56
2004,Norwich,1248,37867,3295.75
2008,Ridgefield,86,24439,351.9
1998,Killingly,362,16472,2197.67
2001,Waterford,635,19189,3309.19
2008,Cornwall,11,1423,773.01
2004,Norwalk,3257,84012,3876.83
2004,Lebanon,44,7067,622.61
2004,Old Saybrook,246,10317,2384.41
2006,Killingly,188,17011,1105.17
2004,Ledyard,108,14833,728.11
2001,Branford,956,28617,3340.67
2006,Ansonia,414,18971,2182.28
2004,Orange,462,13522,3416.65
2001,Waterbury,6872,107581,6387.75
2000,Beacon Falls,81,5246,1544.03
2007,Norfolk,12,1694,708.38
2002,Woodbury,117,9353,1250.94
2007,North Branford,217,14257,1522.06
2004,Litchfield,70,8376,835.72
2003,Litchfield,74,8361,885.06
2001,Washington,44,3594,1224.26
2006,Ashford,27,4229,638.45
2004,Oxford,75,10966,683.93
2007,North Haven,633,23776,2662.35
2008,Cromwell,332,13778,2409.64
1998,Killingworth,52,6018,864.07
1998,Lebanon,80,6907,1158.25
2007,North Canaan,42,3326,1262.78
2004,Lyme,17,2172,782.69
2006,Harwinton,60,5498,1091.31
2000,Plymouth,225,11634,1933.99
2001,Bozrah,39,2384,1635.91
2004,Plainfield,195,14933,1305.83
2004,Lisbon,95,4177,2274.36
2003,Thompson,139,9052,1535.57
2001,Warren,4,1275,313.73
2006,Killingworth,23,6322,363.81
2007,Norwalk,2233,84807,2633.04
1998,Ledyard,146,14687,994.08
2006,Hebron,55,9256,594.21
2001,Wallingford,846,43237,1956.66
2006,Barkhamsted,35,3677,951.86
2004,Plainville,617,17483,3529.14
2004,Madison,192,18022,1065.36
2001,Bolton,45,5013,897.67
2006,Avon,212,17192,1233.13
1999,East Granby,72,4745,1517.39
2007,North Stonington,59,5205,1133.53
2006,Lisbon,120,4230,2836.88
2002,Woodbridge,103,8984,1146.48
1998,Lisbon,42,4069,1032.19
2006,Beacon Falls,61,5728,1064.94
2003,Killingly,289,16741,1726.3
2003,Berlin,447,18710,2389.1
2001,Bloomfield,758,19677,3852.21
2001,Voluntown,35,2536,1380.13
2006,Ledyard,221,14905,1482.72
2004,Plymouth,183,11878,1540.66
2004,Mansfield,231,23049,1002.21
2003,Stonington,367,18098,2027.85
2001,Vernon,841,28175,2984.92
2006,Berlin,442,19206,2301.36
1998,Litchfield,96,8316,1154.4
2007,Old Lyme,65,7544,861.61
2003,Beacon Falls,53,5487,965.92
2006,Bethany,41,5354,765.78
2001,Bethlehem,33,3441,959.02
2004,Pomfret,23,3978,578.18
2006,Lyme,11,2250,488.89
2006,Litchfield,90,8406,1070.66
2001,Union,3,709,423.13
2008,Sharon,29,2819,1028.73
2000,Barkhamsted,34,3494,973.1
2004,Manchester,2513,56140,4476.31
1998,Lyme,24,2016,1190.48
2003,Bridgewater,6,1795,334.26
2008,Danbury,1734,79684,2176.1
2004,Portland,129,9042,1426.68
2004,Meriden,2454,59294,4138.7
2000,Seymour,279,15454,1805.36
2001,Bethel,150,18119,827.86
2006,Bethel,153,18377,832.56
2004,Preston,42,4703,893.05
2007,Orange,490,13739,3566.49
2000,Avon,183,15832,1155.89
2001,Trumbull,995,34421,2890.68
1998,Madison,251,17858,1405.53
2007,Old Saybrook,238,10280,2315.18
2000,Plainville,527,17328,3041.32
2002,Wolcott,234,15508,1508.9
2001,Torrington,952,35320,2695.36
2006,Bethlehem,21,3533,594.4
2001,Bethany,30,5092,589.16
2003,Barkhamsted,34,3586,948.13
2002,Windsor Locks,236,12134,1944.95
2003,Kent,39,2894,1347.62
2003,Sterling,39,3318,1175.41
2004,Prospect,95,8986,1057.2
2000,Ashford,33,4098,805.27
2003,Bridgeport,9001,140939,6386.45
2006,Bolton,45,4995,900.9
2004,Marlborough,59,5987,985.47
1999,Durham,81,6627,1222.27
1998,Manchester,2637,54740,4817.32
2001,Berlin,482,18380,2622.42
2007,Morris,15,2362,635.06
2004,Middlebury,95,6901,1376.61
2004,Putnam,37,9235,400.65
2000,Ansonia,319,18554,1719.31
2001,Tolland,73,13337,547.35
1998,Mansfield,293,20720,1414.09
2006,Madison,198,18105,1093.62
2004,Redding,77,8625,892.75
2004,Middletown,1344,44959,2989.39
2001,Thompson,85,8936,951.21
2003,Hebron,77,8933,861.97
2001,Beacon Falls,64,5326,1201.65
2007,Plainfield,129,15169,850.42
2000,Andover,25,3036,823.45
2006,Marlborough,68,6126,1110.02
2006,Branford,770,28289,2721.91
2003,Thomaston,112,7618,1470.2
1998,Marlborough,68,5709,1191.1
2003,Branford,988,28486,3468.37
2001,Thomaston,107,7541,1418.91
2007,Norwich,1123,39180,2866.26
2008,Deep River,40,4625,864.86
2003,Lisbon,56,4150,1349.4
2006,Middlebury,71,7125,996.49
2002,Windsor,551,28398,1940.28
1999,Woodstock,45,7221,623.18
2004,Middlefield,49,4292,1141.66
2004,Rocky Hill,417,18663,2234.37
2001,Barkhamsted,36,3525,1021.28
1998,Meriden,2005,58244,3442.41
2000,Orange,455,13233,3438.37
2000,Washington,29,3596,806.45
2007,Plymouth,321,12060,2661.69
2001,Avon,151,16059,940.28
2004,Monroe,202,19340,1044.47
2004,Ridgefield,84,24041,349.4
2001,Suffield,166,13770,1205.52
2003,Harwinton,71,5391,1317.01
2004,Montville,139,18956,733.28
1999,Woodbury,78,9198,848.01
2006,Bridgewater,9,1766,509.63
1998,Middlebury,84,6451,1302.12
2004,Roxbury,35,2186,1601.1
1999,Derby,417,12391,3365.35
2003,Milford,1966,52441,3748.98
2006,Bristol,1861,60311,3085.67
2001,Stratford,1397,50117,2787.48
2001,Ashford,25,4120,606.8
2003,Bozrah,27,2438,1107.47
2007,Oxford,119,11824,1006.43
2006,Bridgeport,8479,142349,5956.49
2006,Middlefield,47,4336,1083.95
2002,Windham,165,23339,706.97
2008,Putnam,34,9468,359.1
2003,Suffield,243,14207,1710.42
2004,Milford,1857,52487,3538.02
2001,Stonington,358,17970,1992.21
2006,Bloomfield,719,20126,3572.49
2006,Milford,1860,52577,3537.67
2007,Pomfret,14,4112,340.47
2008,Eastford,6,1723,348.23
1999,Cornwall,36,1434,2510.46
2004,Morris,25,2336,1070.21
2008,Voluntown,15,2588,579.6
2001,Ansonia,406,18624,2179.98
2008,Scotland,20,1692,1182.03
2006,Meriden,2333,59818,3900.16
2004,Salem,31,3975,779.87
2000,Cromwell,307,12871,2385.21
2006,Manchester,2344,56841,4123.78
2008,Derby,373,12800,2914.06
2003,Simsbury,249,23317,1067.89
2001,Sterling,40,3172,1261.03
2007,Montville,180,19264,934.39
2008,Easton,31,7446,416.33
2006,Brooklyn,74,7795,949.33
2008,Chaplin,14,2294,610.29
2006,Brookfield,174,16137,1078.27
2002,West Hartford,1914,63525,3012.99
2006,Lebanon,39,7148,545.61
2004,Salisbury,30,3883,772.6
2001,Andover,21,3063,685.6
1999,Connecticut,111038,3405565,3260.49
2006,Bozrah,31,2519,1230.65
2004,Scotland,13,1624,800.49
2001,Stamford,3086,117639,2623.28
2007,Preston,55,4715,1166.49
2006,Monroe,163,19386,840.81
2006,Burlington,58,8857,654.85
2008,Cheshire,313,29117,1074.97
2008,Warren,1,1420,70.42
2004,Seymour,241,15888,1516.87
2008,Rocky Hill,267,19360,1379.13
2006,Montville,272,19161,1419.55
2008,Bridgeport,7797,143289,5441.45
2006,Middletown,1532,45856,3340.89
2008,Ellington,79,15066,524.36
2000,Groton,947,39907,2373.02
2008,Connecticut,98145,3540391,2772.15
2007,Putnam,46,9409,488.89
2001,Stafford,110,11385,966.18
2007,Prospect,68,9196,739.45
2008,Enfield,1081,44766,2414.78
2006,Canaan,9,1173,767.26
2006,Kent,28,2931,955.31
2000,Woodstock,55,7221,761.67
2004,Sharon,22,2894,760.19
2008,Roxbury,23,2237,1028.16
2006,Morris,28,2353,1189.97
2008,Columbia,47,5382,873.28
2008,South Windsor,444,25450,1744.6
2008,East Haddam,125,8967,1394
2007,Redding,49,8892,551.06
2002,Haddam,65,7395,878.97
2007,Portland,95,9275,1024.26
2008,Essex,61,6647,917.71
2000,Woodbury,81,9198,880.63
2006,Mansfield,201,24214,830.1
2008,Waterbury,6042,109747,5505.39
2004,Shelton,545,38684,1408.85
2008,Salem,33,4092,806.45
2001,Sprague,38,2972,1278.6
2008,Darien,217,20507,1058.18
2007,Plainville,628,17600,3568.18
2003,Middlebury,115,6788,1694.17
2008,Southbury,169,19637,860.62
2008,Coventry,155,12249,1265.41
2007,Ridgefield,97,24340,398.52
2001,Southington,917,40062,2288.95
2008,Sprague,32,2981,1073.47
2006,Naugatuck,626,31513,1986.48
2000,Woodbridge,152,8983,1692.09
2008,Colchester,139,15765,881.7
2006,Canterbury,39,4956,786.92
2004,Sherman,7,3729,187.72
2008,Simsbury,231,23456,984.82
2006,New Britain,3600,72539,4962.85
2008,East Granby,69,5067,1361.75
2006,Canton,133,9711,1369.58
2008,Southington,1018,42401,2400.89
2008,East Hartford,1857,50917,3647.11
2007,Rocky Hill,325,19186,1693.94
2001,Southbury,265,18701,1417.04
2008,Durham,60,7236,829.19
2008,Farmington,693,25000,2772
2006,Chaplin,20,2283,876.04
2008,Canton,129,10002,1289.74
2008,Watertown,407,22343,1821.6
2004,Simsbury,227,23345,972.37
2008,Somers,45,11239,400.39
2006,New Canaan,195,19601,994.85
2000,Wolcott,309,15215,2030.89
2000,Coventry,125,11504,1086.58
2008,East Haven,868,29043,2988.67
2007,Roxbury,18,2224,809.35
2006,New Fairfield,58,13910,416.97
2008,Stamford,2531,121531,2082.6
2008,Fairfield,1126,58991,1908.77
2001,South Windsor,265,24542,1079.78
2008,Thomaston,131,7810,1677.34
2008,Waterford,563,19444,2895.49
2004,Somers,65,10828,600.3
2007,Salisbury,48,3812,1259.18
2002,Guilford,401,21593,1857.08
2006,Cheshire,263,28974,907.71
2002,Essex,62,6541,947.87
2008,East Lyme,204,18951,1076.46
2007,Salem,24,4063,590.7
2000,Windsor Locks,257,12043,2134.02
2008,Sterling,26,3684,705.75
2008,Glastonbury,338,33917,996.55
2001,Somers,96,10520,912.55
2008,Thompson,73,9342,781.42
2008,West Haven,1970,54923,3586.84
2004,South Windsor,435,24931,1744.82
2006,New Hartford,54,6617,816.08
2008,Canaan,12,1203,997.51
2006,Chester,30,3894,770.42
2008,Torrington,795,36147,2199.35
2008,East Windsor,434,10893,3984.21
2007,Seymour,269,16214,1659.06
2006,New Haven,9830,127318,7720.83
2008,East Hampton,157,13038,1204.17
2008,Franklin,37,1905,1942.26
2001,Simsbury,240,23262,1031.73
2008,Chester,43,3944,1090.26
2008,West Hartford,1813,63332,2862.69
2000,Windsor,626,28237,2216.95
2008,Shelton,585,39267,1489.8
2008,Granby,141,11095,1270.84
2006,Clinton,293,13194,2220.71
2008,Trumbull,770,35663,2159.1
2009,Brookfield,174,16373,1062.73
2002,Watertown,399,21832,1827.59
2000,Cornwall,44,1434,3068.34
2008,Stratford,1707,51102,3340.38
2010,Cromwell,371,14005,2649.05
2006,Colchester,94,15461,607.98
2008,Clinton,403,13227,3046.8
2008,Wallingford,833,44713,1862.99
2004,Southington,875,41064,2130.82
2008,Sherman,17,3630,468.32
2004,Southbury,156,19102,816.67
2008,Greenwich,502,61157,820.84
2001,Sherman,22,3802,578.64
2000,Windham,187,22857,818.13
2009,Brooklyn,68,8106,838.88
2007,Shelton,573,39122,1464.65
2006,New Milford,258,27734,930.27
2008,Suffield,136,15298,889.01
2006,New London,1275,26840,4750.37
2000,Griswold,123,10807,1138.15
2009,Chester,27,3969,680.27
2008,Westbrook,90,6809,1321.78
2001,Shelton,563,38247,1472.01
2008,Stafford,91,11931,762.72
2007,Scotland,11,1675,656.72
2006,Colebrook,13,1479,878.97
2000,Winchester,169,10664,1584.77
2009,Burlington,58,9190,631.12
2004,Sprague,37,2976,1243.28
2006,Newington,957,30060,3183.63
2009,Bozrah,19,2600,730.77
2008,Griswold,113,11722,964
2006,Columbia,50,5279,947.15
2008,Union,4,822,486.62
2002,Enfield,1194,45100,2647.45
1999,Columbia,73,4971,1468.52
2007,Sherman,17,3655,465.12
2001,Sharon,25,2949,847.74
2007,Sharon,18,2838,634.25
2008,Goshen,23,2920,787.67
2009,Canaan,10,1219,820.34
2003,Wallingford,998,43659,2285.9
2006,Newtown,245,26548,922.86
2009,Branford,698,28092,2484.69
2008,Groton,898,40073,2240.91
2006,Connecticut,101096,3506684,2882.95
2008,Vernon,364,28956,1257.08
2008,Westport,464,26263,1766.74
2002,Ellington,126,13457,936.32
2000,Connecticut,110298,3405565,3238.76
2008,Guilford,405,22180,1825.97
2001,Seymour,240,15563,1542.12
2009,Canterbury,47,5088,923.74
2004,Stamford,2671,119307,2238.76
2000,Greenwich,776,61101,1270.03
2008,Tolland,86,14671,586.19
2000,Wilton,221,17633,1253.33
2004,Stafford,107,11619,920.91
2009,Colebrook,8,1484,539.08
2008,Wethersfield,522,26589,1963.22
2000,Willington,63,5959,1057.22
2008,Stonington,338,18417,1835.26
2006,Norfolk,11,1689,651.27
2008,Haddam,85,8108,1048.35
2006,Cornwall,12,1426,841.51
2002,Groton,908,39949,2272.9
2009,Canton,88,10147,867.25
2002,Waterford,633,19225,3292.59
2006,North Branford,221,14207,1555.57
2009,Bridgewater,10,1737,575.71
2010,Durham,54,7388,730.91
2006,Coventry,179,12063,1483.88
2009,Columbia,44,5434,809.72
2001,Scotland,17,1573,1080.74
2002,Easton,34,7316,464.73
2004,Sterling,25,3391,737.25
2008,Hamden,1604,60151,2666.62
2007,Simsbury,248,23428,1058.56
2001,Salisbury,42,3953,1062.48
2009,Chaplin,12,2300,521.74
1998,Westport,710,25749,2757.39
2006,North Canaan,53,3329,1592.07
2009,Bristol,1271,60436,2103.05
2008,Willington,63,6025,1045.64
2000,Guilford,385,21398,1799.23
2009,Connecticut,93185,3557244,2619.58
2008,Washington,31,3582,865.44
2004,Stratford,1852,50539,3664.5
2004,Stonington,387,18162,2130.82
1998,Wethersfield,534,26271,2032.66
2006,Cromwell,345,13551,2545.94
2001,Salem,58,3887,1492.15
2009,Cheshire,314,29189,1075.75
2007,South Windsor,539,25320,2128.75
2006,North Haven,569,23670,2403.89
2000,Wethersfield,609,26271,2318.15
2002,Eastford,12,1644,729.93
2009,Cornwall,22,1421,1548.21
2003,Meriden,2915,59031,4938.08
2004,Suffield,173,14425,1199.31
2007,Southington,937,42067,2227.4
2007,Somers,64,11136,574.71
2006,Danbury,1732,78475,2207.07
2001,Roxbury,11,2149,511.87
2009,East Haven,760,29150,2607.2
2007,Southbury,210,19503,1076.76
2006,North Stonington,44,5175,850.24
2008,Hartford,7878,124136,6346.27
2006,Darien,235,20282,1158.66
2009,Coventry,183,12342,1482.74
1998,Willington,71,5959,1191.48
2004,Thomaston,81,7657,1057.86
2007,Sprague,35,2980,1174.5
2008,Hartland,8,2094,382.04
2001,Rocky Hill,359,18140,1979.05
2009,Clinton,326,13243,2461.68
2007,Stafford,88,11853,742.43
2006,Norwalk,2391,84542,2828.18
2008,Hampton,10,1842,542.89
2000,Westport,565,25749,2194.26
2009,Cromwell,393,13892,2828.97
2008,Weston,74,10151,728.99
2004,Thompson,66,9110,724.48
1998,Wilton,170,17633,964.1
2008,Harwinton,48,5570,861.76
2006,Deep River,41,4621,887.25
2002,East Windsor,340,10087,3370.68
2009,Colchester,158,15916,992.71
2007,Stamford,2260,120975,1868.15
2001,Ridgefield,144,23743,606.49
2008,Windsor,632,28883,2188.14
1998,Winchester,172,10664,1612.9
2009,Danbury,1661,80289,2068.78
2008,Windsor Locks,227,12407,1829.61
2004,Tolland,53,13908,381.08
2006,Norwich,1199,38743,3094.75
2008,Hebron,63,9471,665.19
2006,Derby,354,12698,2787.84
2008,Woodbury,67,9820,682.28
2007,Sterling,39,3611,1080.03
2001,Redding,34,8359,406.75
2010,East Lyme,209,19159,1090.87
2006,Durham,55,7084,776.4
2009,Darien,143,20620,693.5
2008,Wolcott,260,16387,1586.62
1998,Windham,275,22857,1203.13
2006,Old Lyme,59,7524,784.16
2008,Kent,39,2955,1319.8
2000,Weston,91,10037,906.65
2002,East Lyme,214,18326,1167.74
2009,Bridgeport,7129,143759,4958.99
2004,Torrington,1105,35674,3097.49
2006,Old Saybrook,273,10292,2652.55
2008,Wilton,114,17976,634.18
2006,East Granby,56,4987,1122.92
2009,Deep River,46,4627,994.16
2008,Woodbridge,130,8989,1446.21
2003,Marlborough,65,5918,1098.34
2007,Stonington,353,18353,1923.39
2001,Putnam,70,9060,772.63
2009,Andover,32,3276,976.8
2004,Trumbull,811,34953,2320.26
2006,Orange,426,13667,3117
1998,Windsor,705,28237,2496.72
2000,Westbrook,117,6292,1859.5
2009,Derby,415,12851,3229.32
2010,East Hampton,171,12959,1319.55
2004,Union,15,757,1981.51
2000,Granby,156,10347,1507.68
2008,Killingworth,53,6424,825.03
2006,East Haddam,66,8809,749.23
2002,East Haven,860,28403,3027.85
2007,Suffield,194,15080,1286.47
2006,Oxford,83,11538,719.36
2008,Windham,122,24786,492.21
2002,Griswold,122,11036,1105.47
2009,Durham,69,7312,943.65
1998,Windsor Locks,232,12043,1926.43
2004,Vernon,403,28509,1413.59
2002,Waterbury,6526,107890,6048.75
2006,East Hampton,111,13116,846.29
2001,Preston,53,4692,1129.58
2001,Prospect,71,8777,808.93
2006,Plainfield,166,15091,1099.99
2008,Killingly,195,17190,1134.38
2006,East Hartford,2017,50581,3987.66
2009,East Granby,55,5108,1076.74
2009,Ashford,13,4295,302.68
2004,Voluntown,17,2558,664.58
2002,East Hartford,1836,49910,3678.62
2008,Ledyard,128,14978,854.59
2007,Stratford,1655,50962,3247.52
2009,Avon,179,17871,1001.62
2007,Thompson,74,9284,797.07
2006,Plainville,663,17561,3775.41
1998,Wolcott,319,15215,2096.62
2006,East Haven,732,28830,2539.02
2009,East Haddam,84,9047,928.48
2009,Ansonia,390,19180,2033.37
2004,Wallingford,906,43870,2065.19
2008,Lisbon,120,4284,2801.12
2001,Portland,103,8810,1169.13
2009,Barkhamsted,67,3769,1777.66
2007,Thomaston,163,7772,2097.27
2006,Plymouth,261,11999,2175.18
2008,Lebanon,72,7228,996.13
2001,Pomfret,32,3843,832.68
2009,East Hampton,103,12998,792.43
1998,Woodbridge,165,8983,1836.8
1998,Woodbury,75,9198,815.39
2002,East Hampton,71,13273,534.92
2008,Litchfield,100,8436,1185.4
2006,East Lyme,243,18743,1296.48
2000,Columbia,52,4971,1046.07
2004,Warren,10,1337,747.94
2006,Pomfret,22,4067,540.94
2010,Deep River,58,4629,1252.97
2006,East Windsor,417,10624,3925.08
2009,East Hartford,1877,51084,3674.34
2008,Winchester,266,11126,2390.8
2001,Plymouth,255,11695,2180.42
2007,Torrington,699,36029,1940.1
1998,Woodstock,69,7221,955.55
2009,Berlin,321,19701,1629.36
2004,Washington,36,3589,1003.06
2006,Portland,102,9198,1108.94
2008,Lyme,21,2328,902.06
2002,East Haddam,89,8492,1048.05
2010,East Granby,52,5148,1010.1
2004,Waterbury,7026,108509,6475.04
2007,Trumbull,662,35486,1865.52
2001,Plainville,609,17367,3506.65
2006,Eastford,8,1697,471.42
2009,Bethany,49,5511,889.13
2007,Union,9,806,1116.63
2006,Preston,66,4711,1400.98
2008,Madison,231,18187,1270.14
2006,Easton,51,7403,688.91
2009,Beacon Falls,56,5969,938.18
2004,Waterford,702,19298,3637.68
2010,Middlefield,46,4425,1039.55
2002,East Granby,46,4826,953.17
2001,Plainfield,364,14698,2476.53
2007,Vernon,400,28844,1386.77
2006,Prospect,84,9126,920.45
2008,Manchester,2227,57541,3870.28
2006,Ellington,118,14530,812.11
2008,Woodstock,35,7815,447.86
2004,Watertown,347,22002,1577.13
2007,Tolland,97,14480,669.89
2008,Mansfield,310,25378,1221.53
2001,Oxford,112,10107,1108.14
2007,Voluntown,34,2581,1317.32
2006,Putnam,45,9351,481.23
2010,East Haddam,126,9126,1380.67
2006,Enfield,1226,44877,2731.91
2009,Bethlehem,17,3589,473.67
2004,West Hartford,1986,63461,3129.48
2010,Milford,1683,52759,3189.98
2008,Marlborough,57,6265,909.82
2001,Orange,414,13305,3111.61
2007,Wallingford,872,44502,1959.46
2000,Colebrook,21,1471,1427.6
2010,Cornwall,22,1420,1549.3
2012,Andover,15,3201,468.6
2012,Avon,174,16689,1042.6
2012,Bloomfield,538,20649,2605.5
2012,Bolton,33,5289,623.9
2012,Canton,89,9319,955
2012,East Granby,48,5002,959.6
2012,East Hartford,1804,52265,3451.6
2012,East Windsor,363,10351,3506.9
2012,Ellington,73,13623,535.9
2012,Enfield,850,47666,1783.2
2012,Farmington,653,24924,2620
2012,Glastonbury,369,33605,1098.1
2012,Granby,110,109070,100.9
2012,Hartford,6974,128174,5441
2012,Hebron,60,9076,661.1
2012,Manchester,1908,57711,3306.1
2012,Marlborough,34,6019,564.9
2012,Newington,812,30897,2628.1
2012,Rocky Hill,279,18941,1473
2012,Simsbury,192,24496,783.8
2012,Somers,54,10981,491.8
2012,South Windsor,381,25736,1480.4
2012,Stafford,88,11920,738.3
2012,Suffield,154,14288,1077.8
2012,Tolland,89,13859,642.2
2012,Vernon,361,29583,1220.3
2012,West Hartford,1743,67038,2600
2012,Wethersfield,433,27697,1563.3
2012,Windsor,446,29769,1498.2
2012,Windsor Locks,235,12697,1850.8
2011,Andover,26,3192,814.5
2011,Avon,181,16644,1087.5
2011,Bloomfield,573,20594,2782.4
2011,Bolton,41,5275,777.3
2011,Canton,112,9294,1205.1
2011,East Granby,37,4989,741.6
2011,East Hartford,1605,52125,3079.1
2011,East Windsor,315,10323,3051.4
2011,Ellington,82,13586,603.6
2011,Enfield,856,47538,1800.7
2011,Farmington,643,24857,2586.8
2011,Glastonbury,350,33515,1044.3
2011,Granby,126,10878,1158.3
2011,Hartford,7141,127830,5586.3
2011,Hebron,50,9052,552.4
2011,Manchester,1850,57556,3214.3
2011,Marlborough,34,6003,566.4
2011,Newington,779,30814,2528.1
2011,Rocky Hill,272,18890,1439.9
2011,Simsbury,189,24430,773.6
2011,Somers,68,10952,620.9
2011,South Windsor,442,25667,1722.1
2011,Stafford,95,11888,799.1
2011,Suffield,102,14250,715.8
2011,Tolland,58,13822,419.6
2011,Vernon,343,29504,1162.6
2011,West Hartford,1587,66858,2373.7
2011,Wethersfield,389,27623,1408.2
2011,Windsor,491,29689,1653.8
2011,Windsor Locks,216,12663,1705.8
