blkgrp,households,residential_density,gross_hh_density,block_denstiy,intersection_density,employment_access_index,job_diversity_index,average_median_commute_distance,per_capita_income,hh_type1_income,hh_type1_size,hh_type1_workers,hh_type1_ht,hh_type1_h,hh_type1_ht_own,hh_type1_h_own,hh_type1_ht_rent,hh_type1_h_rent,hh_type1_t,hh_type1_autos,hh_type1_vmt,hh_type1_transit_trips,hh_type2_income,hh_type2_size,hh_type2_workers,hh_type2_ht,hh_type2_h,hh_type2_ht_own,hh_type2_h_own,hh_type2_ht_rent,hh_type2_h_rent,hh_type2_t,hh_type2_autos,hh_type2_vmt,hh_type2_transit_trips,hh_type3_income,hh_type3_size,hh_type3_workers,hh_type3_ht,hh_type3_h,hh_type3_ht_own,hh_type3_h_own,hh_type3_ht_rent,hh_type3_h_rent,hh_type3_t,hh_type3_autos,hh_type3_vmt,hh_type3_transit_trips,hh_type4_income,hh_type4_size,hh_type4_workers,hh_type4_ht,hh_type4_h,hh_type4_ht_own,hh_type4_h_own,hh_type4_ht_rent,hh_type4_h_rent,hh_type4_t,hh_type4_autos,hh_type4_vmt,hh_type4_transit_trips,hh_type5_income,hh_type5_size,hh_type5_workers,hh_type5_ht,hh_type5_h,hh_type5_ht_own,hh_type5_h_own,hh_type5_ht_rent,hh_type5_h_rent,hh_type5_t,hh_type5_autos,hh_type5_vmt,hh_type5_transit_trips,hh_type6_income,hh_type6_size,hh_type6_workers,hh_type6_ht,hh_type6_h,hh_type6_ht_own,hh_type6_h_own,hh_type6_ht_rent,hh_type6_h_rent,hh_type6_t,hh_type6_autos,hh_type6_vmt,hh_type6_transit_trips,hh_type7_income,hh_type7_size,hh_type7_workers,hh_type7_ht,hh_type7_h,hh_type7_ht_own,hh_type7_h_own,hh_type7_ht_rent,hh_type7_h_rent,hh_type7_t,hh_type7_autos,hh_type7_vmt,hh_type7_transit_trips,hh_type8_income,hh_type8_size,hh_type8_workers,hh_type8_ht,hh_type8_h,hh_type8_ht_own,hh_type8_h_own,hh_type8_ht_rent,hh_type8_h_rent,hh_type8_t,hh_type8_autos,hh_type8_vmt,hh_type8_transit_trips
'090158003001',455,2.17919,1.04463,0.06888,0.14005,11613.69092,3793.38411,12.57180,6763.53791,59370.00000,2.56000,1.21500,38.51578,20.25053,53.63665,35.37140,32.91377,14.64852,18.26525,1.85570,20906.21646,15.05882,47496.00000,2.56000,1.21500,46.46631,24.46571,66.21484,44.21425,39.14983,17.14924,22.00059,1.77458,20367.45379,16.78232,89055.00000,4.00000,2.00000,32.20718,15.18373,40.60439,23.58093,29.09617,12.07272,17.02345,2.43256,30028.08893,3.36370,36350.00000,3.00000,1.00000,55.89130,29.98731,79.81864,53.91465,47.02665,21.12267,25.90398,1.63012,19140.56755,37.38537,11139.00000,1.00000,1.00000,125.61759,67.27762,183.83621,125.49625,104.04864,45.70868,58.33996,1.21569,12832.10934,0.00000,46382.81250,1.00000,1.00000,42.29953,24.41633,63.15860,45.27539,34.57163,16.68842,17.88320,1.53980,13980.91708,0.00000,23191.40625,1.00000,1.00000,72.54366,40.73658,109.00109,77.19402,59.03684,27.22976,31.80707,1.38231,13422.69348,0.00000,47496.00000,2.00000,0.00000,38.44258,23.90598,58.75085,44.21425,30.91874,16.38213,14.53660,1.31088,10921.31239,44.08124
'090158003002',404,2.10411,1.17616,0.06114,0.17177,12731.37432,3747.17312,13.41400,12296.58537,59370.00000,2.56000,1.21500,33.11605,14.92031,51.41034,33.21461,26.35646,8.16073,18.19573,1.85305,20750.98384,14.97346,47496.00000,2.56000,1.21500,39.19251,17.27923,60.10553,38.19225,31.46532,9.55205,21.91328,1.77193,20211.42168,16.66135,89055.00000,4.00000,2.00000,28.51602,11.52530,41.43242,24.44170,23.74352,6.75280,16.99072,2.43743,29802.62161,2.50515,36350.00000,3.00000,1.00000,46.78448,21.01452,71.85298,46.08301,37.52188,11.75192,25.76996,1.62620,18969.25133,36.94331,11139.00000,1.00000,1.00000,105.49327,47.46563,165.20584,107.17820,83.42998,25.40234,58.02764,1.20939,12760.34021,0.00000,46382.81250,1.00000,1.00000,36.00878,18.20294,60.14206,42.33622,27.09174,9.28590,17.80584,1.53350,13914.25878,0.00000,23191.40625,1.00000,1.00000,60.50812,28.85309,97.61517,65.96014,46.79738,15.14235,31.65503,1.37601,13353.55175,0.00000,47496.00000,2.00000,0.00000,32.57258,18.17659,57.20455,42.80857,23.47127,9.07529,14.39598,1.29801,10815.54244,44.35576
'090158003003',521,2.04631,1.78617,0.07200,0.23656,13347.65692,3781.00381,18.59840,18852.70270,59370.00000,2.56000,1.21500,45.68611,27.47393,53.46892,35.25675,38.33890,20.12673,18.21218,1.85446,20823.87566,4.81153,47496.00000,2.56000,1.21500,53.74422,31.81020,62.48321,40.54919,45.49436,23.56033,21.93403,1.77334,20284.89976,6.47141,89055.00000,4.00000,2.00000,38.21582,21.18694,42.97789,25.94901,33.72029,16.69141,17.02888,2.45185,29720.67950,0.00000,36350.00000,3.00000,1.00000,64.44238,38.66974,74.70460,48.93196,54.75455,28.98191,25.77264,1.62347,19069.33153,26.50086,11139.00000,1.00000,1.00000,148.24810,89.96187,172.22073,113.93450,125.61723,67.33100,58.28623,1.20840,12912.01004,0.00000,46382.81250,1.00000,1.00000,51.45183,33.58803,62.80672,44.94293,40.73247,22.86867,17.86379,1.53251,14062.18088,0.00000,23191.40625,1.00000,1.00000,84.98706,53.21370,101.84175,70.06839,69.07574,37.30237,31.77336,1.37502,13503.29493,0.00000,47496.00000,2.00000,0.00000,47.88161,33.53112,59.76094,45.41045,36.66717,22.31668,14.35049,1.27824,11097.77934,34.47684
'090158004001',298,2.48441,0.97045,0.04885,0.12375,9164.85842,3264.00144,8.23141,20862.05357,59370.00000,2.56000,1.21500,47.96133,29.40564,57.31435,38.75866,32.64887,14.09317,18.55570,1.87187,21486.32531,11.48091,47496.00000,2.56000,1.21500,56.26493,33.90523,66.91486,44.55516,38.82921,16.46951,22.35970,1.79075,20937.75859,13.34102,89055.00000,4.00000,2.00000,39.37676,22.12694,45.73372,28.48391,28.96934,11.71952,17.24981,2.45150,30671.90013,2.75165,36350.00000,3.00000,1.00000,67.49438,41.01682,80.24734,53.76977,46.61566,20.13810,26.47756,1.65516,19759.14464,35.17575,11139.00000,1.00000,1.00000,157.86938,98.97116,183.77577,124.87756,115.45625,56.55804,58.89821,1.21153,13189.65731,0.00000,46382.81250,1.00000,1.00000,54.83626,36.79869,67.45009,49.41252,34.18529,16.14773,18.03756,1.53564,14401.13879,0.00000,23191.40625,1.00000,1.00000,90.14592,58.05373,109.01294,76.92075,59.25742,27.16523,32.09219,1.37815,13812.46105,0.00000,47496.00000,2.00000,0.00000,51.98405,36.96848,65.09580,50.08024,30.51790,15.50233,15.01557,1.34003,11553.41357,39.12288
'090158004002',474,1.60004,0.83328,0.03340,0.13361,8761.54182,3237.43650,8.32298,23222.66187,59370.00000,2.56000,1.21500,50.82377,31.68006,51.73588,32.59216,33.72178,14.57807,19.14371,1.93046,22237.42242,0.00000,47496.00000,2.56000,1.21500,59.50953,36.41896,60.54233,37.45175,40.14465,17.05407,23.09058,1.84934,21688.32265,0.00000,89055.00000,4.00000,2.00000,41.21232,23.32295,41.84536,23.95598,29.34297,11.45360,17.88937,2.54220,31826.44466,0.00000,36350.00000,3.00000,1.00000,71.47877,44.22196,72.64883,45.39202,49.54016,22.28336,27.25680,1.70548,20414.30568,15.71466,11139.00000,1.00000,1.00000,205.71974,144.30993,209.53801,148.12820,134.12729,72.71748,61.40981,1.26026,13795.71223,0.00000,46382.81250,1.00000,1.00000,58.99763,40.32022,60.21666,41.53925,36.14077,17.46337,18.67741,1.58437,15010.60128,0.00000,23191.40625,1.00000,1.00000,102.64575,69.31310,104.47969,71.14704,68.25938,34.92673,33.33265,1.42688,14420.26775,0.00000,47496.00000,2.00000,0.00000,55.99534,40.86216,57.26510,42.13193,32.18724,17.05407,15.13318,1.34986,11708.91908,28.44028
'090158004003',843,1.71765,1.49117,0.04068,0.09021,11791.83661,3804.59035,9.92975,17175.58140,59370.00000,2.56000,1.21500,43.10873,24.74980,51.23116,32.87224,36.66262,18.30370,18.35893,1.88678,20716.89827,0.00000,47496.00000,2.56000,1.21500,50.77837,28.66423,59.89506,37.78092,43.54321,21.42907,22.11414,1.80566,20178.32801,0.00000,89055.00000,4.00000,2.00000,36.37796,19.14509,41.40043,24.16756,32.39204,15.15917,17.23287,2.49230,29877.08266,0.00000,36350.00000,3.00000,1.00000,60.80766,34.86848,71.52242,45.58324,52.30425,26.36506,25.93918,1.65316,18935.86604,15.16625,11139.00000,1.00000,1.00000,137.03230,78.38457,164.40143,105.75371,115.31169,56.66396,58.64772,1.23930,12644.02259,0.00000,46382.81250,1.00000,1.00000,48.04963,30.07079,59.87728,41.89845,38.66300,20.68417,17.97884,1.56341,13791.60033,0.00000,23191.40625,1.00000,1.00000,79.64018,47.65977,97.16386,65.18345,65.73309,33.75267,31.98042,1.40592,13233.97441,0.00000,47496.00000,2.00000,0.00000,44.31520,30.02819,56.75049,42.46347,34.44635,20.15933,14.28702,1.29725,10662.93816,26.56535
'090158005001',899,2.67565,0.49558,0.01488,0.04190,7048.95217,2703.86512,11.89420,19487.23404,59370.00000,2.56000,1.21500,45.54503,26.09518,45.59791,26.14806,44.98055,25.53070,19.44985,1.91055,23407.23562,11.82801,47496.00000,2.56000,1.21500,53.47810,30.00584,53.50036,30.02810,53.24046,29.76820,23.47226,1.82943,22846.38836,13.76773,89055.00000,4.00000,2.00000,37.11356,19.20343,37.17684,19.26671,36.43800,18.52788,17.91013,2.48489,32924.88667,4.82738,36350.00000,3.00000,1.00000,64.20795,36.18102,64.21351,36.18658,64.14860,36.12166,28.02693,1.70737,21646.90321,36.32035,11139.00000,1.00000,1.00000,152.80727,90.45437,153.92306,91.57016,140.89588,78.54298,62.35290,1.22716,14787.53731,0.00000,46382.81250,1.00000,1.00000,51.85835,32.96034,52.18910,33.29109,48.32747,29.42946,18.89802,1.55127,16077.52391,0.00000,23191.40625,1.00000,1.00000,85.06543,51.29779,85.42890,51.66125,81.18532,47.41768,33.76765,1.39378,15450.69930,0.00000,47496.00000,2.00000,0.00000,49.39492,33.19202,49.91424,33.71133,43.85103,27.64813,16.20290,1.40856,13127.02007,38.66539
'090158005002',522,0.68658,0.10230,0.00549,0.01058,5196.10447,2511.61973,10.56750,28585.31746,59370.00000,2.56000,1.21500,52.10292,30.57509,55.19827,33.67044,36.83721,15.30938,21.52783,2.07403,26518.72345,30.98248,47496.00000,2.56000,1.21500,61.20444,35.13923,64.71292,38.64771,43.90128,17.83607,26.06521,1.99291,25953.06535,31.76136,89055.00000,4.00000,2.00000,42.57115,22.66095,44.66206,24.75185,32.25920,12.34900,19.91020,2.70654,37633.39916,0.00000,36350.00000,3.00000,1.00000,73.46966,42.45775,77.59951,46.58760,53.10200,22.09008,31.01191,1.85964,24416.12444,43.84732,11139.00000,1.00000,1.00000,169.87639,98.77639,178.43679,107.33680,127.65803,56.55804,71.10000,1.36511,17223.54273,30.94076,46382.81250,1.00000,1.00000,59.69356,38.60027,63.97615,42.88287,38.57258,17.47930,21.09328,1.68922,18544.28330,25.96165,23191.40625,1.00000,1.00000,98.02767,59.97899,104.49301,66.44433,66.14178,28.09310,38.04868,1.53173,17902.51486,28.38108,47496.00000,2.00000,0.00000,56.52089,39.28450,60.84116,43.60477,35.21409,17.97771,17.23639,1.49048,13961.98947,69.55075
'090158005003',365,0.87590,0.10053,0.01074,0.02011,4880.25360,2563.31184,10.36910,32814.76793,59370.00000,2.56000,1.21500,64.15449,42.70819,72.50905,51.06275,38.62669,17.18039,21.44630,2.06707,26430.01997,25.29268,47496.00000,2.56000,1.21500,75.43189,49.46769,84.59298,58.62877,47.43970,21.47549,25.96420,1.98595,25865.69070,26.23009,89055.00000,4.00000,2.00000,50.82228,31.04296,57.23335,37.45402,31.23292,11.45360,19.77932,2.68403,37470.97493,0.00000,36350.00000,3.00000,1.00000,91.15006,60.21001,101.67171,70.73166,59.00057,28.06052,30.94005,1.85564,24374.03610,39.74542,11139.00000,1.00000,1.00000,216.35687,145.55760,234.02549,163.22622,162.36943,91.57016,70.79927,1.36506,17113.80801,20.65262,46382.81250,1.00000,1.00000,75.47563,54.45936,86.10167,65.08539,43.00718,21.99090,21.01627,1.68917,18426.05380,14.66009,23191.40625,1.00000,1.00000,124.79652,86.89609,138.84119,100.94076,81.88224,43.98181,37.90043,1.53168,17788.41311,17.57196,47496.00000,2.00000,0.00000,72.62153,55.26238,83.67905,66.31991,38.83464,21.47549,17.35915,1.50525,14027.96268,62.25893
'090158005004',318,0.77939,0.17216,0.01787,0.03573,5601.23828,2721.67141,10.98410,17790.58442,59370.00000,2.56000,1.21500,51.37761,30.30578,54.40509,33.33325,33.92130,12.84946,21.07184,2.04692,25733.96404,16.83093,47496.00000,2.56000,1.21500,60.45724,34.95959,63.78171,38.28406,41.28845,15.79080,25.49765,1.96580,25173.54493,17.68964,89055.00000,4.00000,2.00000,41.17473,21.62597,43.12970,23.58093,29.90247,10.35371,19.54876,2.67897,36562.04972,0.00000,36350.00000,3.00000,1.00000,72.69159,42.41723,76.46971,46.19535,50.90709,20.63274,30.27436,1.82751,23698.43643,30.49534,11139.00000,1.00000,1.00000,170.23935,100.94801,176.06961,106.77826,136.62234,67.33100,69.29134,1.34858,16589.41559,14.47373,46382.81250,1.00000,1.00000,59.23857,38.60284,63.12918,42.49345,36.80551,16.16978,20.63573,1.67269,17876.66519,8.98432,23191.40625,1.00000,1.00000,98.15779,60.99607,103.12773,65.96601,69.50128,32.33957,37.16172,1.51520,17251.17054,11.65171,47496.00000,2.00000,0.00000,55.97242,39.19973,60.03227,43.25958,32.56350,15.79080,16.77270,1.45485,13573.44045,54.59250
'090158005005',261,0.68058,0.39384,0.01811,0.05583,6914.29649,2960.37431,13.89000,21710.98901,59370.00000,2.56000,1.21500,50.37060,29.75032,52.79524,32.17495,38.07828,17.45800,20.62028,2.02755,24842.12047,0.00000,47496.00000,2.56000,1.21500,59.15708,34.22331,61.88783,36.95407,45.31279,20.37902,24.93377,1.94643,24287.18503,0.00000,89055.00000,4.00000,2.00000,41.35331,22.08419,42.90225,23.63312,33.50059,14.23147,19.26912,2.68075,35316.84816,0.00000,36350.00000,3.00000,1.00000,70.84355,41.39388,74.02505,44.57538,54.71409,25.26442,29.44967,1.79696,22844.06994,8.23228,11139.00000,1.00000,1.00000,181.68201,114.09638,188.78143,121.19580,145.68959,78.10396,67.58563,1.33436,15965.97345,0.00000,46382.81250,1.00000,1.00000,57.71922,37.50223,61.21987,41.00288,39.97173,19.75474,20.21700,1.65847,17218.16790,0.00000,23191.40625,1.00000,1.00000,95.68603,59.34731,99.99262,63.65391,73.85261,37.51390,36.33872,1.50098,16609.70709,0.00000,47496.00000,2.00000,0.00000,54.19650,38.13249,57.73805,41.67405,36.24164,20.17763,16.06401,1.39307,13094.01790,34.04256
'090158005006',579,2.88091,0.65141,0.01575,0.05625,8744.07572,3153.47423,11.54700,8599.55357,59370.00000,2.56000,1.21500,40.35850,21.62235,54.10756,35.37140,29.76290,11.02675,18.73616,1.86425,22095.20424,20.52994,47496.00000,2.56000,1.21500,48.17816,25.59352,64.67456,42.08991,35.46535,12.88070,22.58465,1.78312,21544.39048,22.55063,89055.00000,4.00000,2.00000,32.81674,15.51809,40.87958,23.58093,26.60317,9.30453,17.29864,2.42331,31330.20266,15.28731,36350.00000,3.00000,1.00000,57.77004,30.91918,77.58374,50.73288,42.50077,15.64991,26.85086,1.65538,20364.69339,45.83333,11139.00000,1.00000,1.00000,131.78757,72.02609,180.95729,121.19580,93.89532,34.13383,59.76149,1.20506,13743.28529,0.00000,46382.81250,1.00000,1.00000,45.08345,26.84376,63.51508,45.27539,30.87925,12.63956,18.23969,1.52917,14969.13129,0.00000,23191.40625,1.00000,1.00000,75.58865,43.09318,104.92878,72.43331,52.97792,20.48244,32.49547,1.37168,14373.47360,0.00000,47496.00000,2.00000,0.00000,41.40450,25.92142,59.69733,44.21425,27.30727,11.82419,15.48308,1.36820,12115.63051,46.54906
'090158006001',501,4.94295,2.77460,0.13845,0.23260,10821.40614,3523.64950,10.26700,15500.35336,59370.00000,2.56000,1.21500,37.99389,20.90500,53.57948,36.49060,35.50452,18.41563,17.08889,1.73320,19430.50302,51.13778,47496.00000,2.56000,1.21500,44.88971,24.35969,62.54295,42.01293,42.07010,21.54008,20.53002,1.65208,18886.92906,53.79346,89055.00000,4.00000,2.00000,32.59683,16.75703,42.60080,26.76100,30.99898,15.15917,15.83981,2.26934,27558.21404,59.68163,36350.00000,3.00000,1.00000,53.91842,29.54342,75.16097,50.78597,50.52552,26.15052,24.37500,1.52350,17948.24498,82.80150,11139.00000,1.00000,1.00000,122.33812,69.79147,171.46683,118.92018,114.49117,61.94452,52.54665,1.09474,11561.19030,0.00000,46382.81250,1.00000,1.00000,41.24083,24.82512,63.00733,46.59162,37.76424,21.34853,16.41571,1.41885,12740.75488,0.00000,23191.40625,1.00000,1.00000,68.94219,39.98951,101.83193,72.87925,63.68896,34.73629,28.95268,1.26136,12167.58606,0.00000,47496.00000,2.00000,0.00000,37.87097,23.61010,61.43102,47.17015,34.10791,19.84703,14.26087,1.25988,11028.93606,70.74002
'090158006002',340,5.81944,5.14897,0.22716,0.59062,12364.66287,3899.23141,11.18390,8384.14634,59370.00000,2.56000,1.21500,39.49389,23.13025,61.84115,45.47751,38.46248,22.09884,16.36364,1.67730,18195.49029,70.99802,47496.00000,2.56000,1.21500,46.87268,27.24593,76.47364,56.84689,45.50648,25.87973,19.62675,1.59618,17658.52275,73.85870,89055.00000,4.00000,2.00000,34.09065,18.88572,45.52327,30.31834,33.56299,18.35806,15.20493,2.20330,25875.05476,83.99267,36350.00000,3.00000,1.00000,56.60946,33.36662,97.52069,74.27785,54.72125,31.47841,23.24284,1.46388,16807.71205,104.71510,11139.00000,1.00000,1.00000,127.66857,78.02277,292.03740,242.39160,120.08232,70.43651,49.64580,1.05480,10568.01929,10.57102,46382.81250,1.00000,1.00000,42.75408,27.09993,73.86536,58.21122,41.31817,25.66402,15.65415,1.37891,11705.35141,0.00000,23191.40625,1.00000,1.00000,72.68715,45.20359,143.90600,116.42244,69.40012,41.91656,27.48356,1.22142,11152.70400,1.16981,47496.00000,2.00000,0.00000,39.03178,25.38864,70.49003,56.84689,37.57986,23.93672,13.64314,1.20803,10402.96802,88.52865
'090158006003',669,7.42305,5.87544,0.28104,0.54451,12940.85440,3967.93869,15.81150,11949.58333,59370.00000,2.56000,1.21500,39.48523,23.51395,61.44880,45.47751,37.55673,21.58544,15.97128,1.61752,17940.51779,101.00803,47496.00000,2.56000,1.21500,46.88956,27.75210,75.00323,55.86578,44.42104,25.28358,19.13746,1.53640,17404.68960,104.18341,89055.00000,4.00000,2.00000,33.67389,18.90384,45.08840,30.31834,32.67165,17.90159,14.77005,2.11975,25313.62874,120.83533,36350.00000,3.00000,1.00000,56.40096,33.67097,90.39757,67.66758,53.41589,30.68590,22.72999,1.40950,16623.71009,137.87732,11139.00000,1.00000,1.00000,124.76000,76.61092,207.96582,159.81674,117.45412,69.30504,48.14908,1.00381,10433.94118,31.45262,46382.81250,1.00000,1.00000,43.11065,27.88235,73.43951,58.21122,40.44763,25.21933,15.22829,1.32792,11563.98984,11.15355,23191.40625,1.00000,1.00000,72.46494,45.75281,124.13435,97.42222,67.92811,41.21599,26.71213,1.17043,11014.88157,21.01718,47496.00000,2.00000,0.00000,39.61751,26.02104,70.44336,56.84689,36.91085,23.31438,13.59647,1.18304,10593.22091,115.35840
'090158007001',854,3.87284,3.84629,0.12160,0.26573,12733.96991,3891.37097,7.28386,17996.68508,59370.00000,2.56000,1.21500,40.89841,23.98037,48.55781,31.63976,35.37006,18.45202,16.91805,1.75688,18614.93486,33.64347,47496.00000,2.56000,1.21500,48.13567,27.81703,56.73790,36.41925,41.92681,21.60816,20.31865,1.67576,18077.83569,36.00332,89055.00000,4.00000,2.00000,34.35504,18.53580,39.03327,23.21403,30.97842,15.15917,15.81925,2.31570,26750.83384,35.76445,36350.00000,3.00000,1.00000,57.68504,33.74819,67.94826,44.01141,50.27732,26.34047,23.93685,1.53460,17091.22766,62.34402,11139.00000,1.00000,1.00000,136.65845,84.53818,173.31606,121.19580,110.19993,58.07967,52.12026,1.12513,10883.46666,0.00000,46382.81250,1.00000,1.00000,45.55241,29.22404,56.71550,40.38713,37.49518,21.16680,16.32837,1.44924,12021.64022,0.00000,23191.40625,1.00000,1.00000,75.31161,46.53967,91.89902,63.12709,63.33924,34.56730,28.77193,1.29175,11468.58394,0.00000,47496.00000,2.00000,0.00000,42.33904,28.68070,54.54717,40.88883,33.52752,19.86919,13.65834,1.23705,10097.15544,56.23521
'090158007002',286,1.89827,1.87009,0.11116,0.24194,13557.49964,3977.70289,7.63261,12427.46479,59370.00000,2.56000,1.21500,47.54604,29.69454,61.55355,43.70205,39.54175,21.69025,17.85150,1.86018,19705.60958,0.00000,47496.00000,2.56000,1.21500,55.94147,34.45723,71.78000,50.29577,46.89087,25.40664,21.48423,1.77906,19169.94170,1.48099,89055.00000,4.00000,2.00000,38.12505,21.31521,48.89811,32.08827,31.96901,15.15917,16.80984,2.45951,28632.49829,0.00000,36350.00000,3.00000,1.00000,67.23354,42.09246,85.90255,60.76147,56.56554,31.42446,25.14108,1.62540,17947.02099,20.84108,11139.00000,1.00000,1.00000,153.50563,96.97248,204.66135,148.12820,124.27379,67.74064,56.53315,1.22019,11807.89770,0.00000,46382.81250,1.00000,1.00000,53.41979,35.96429,73.22291,55.76741,42.10372,24.64822,17.45550,1.54430,12936.92152,0.00000,23191.40625,1.00000,1.00000,88.27341,57.31705,118.08110,87.12473,71.24044,40.28408,30.95636,1.38681,12388.31124,0.00000,47496.00000,2.00000,0.00000,49.96371,36.15248,70.23867,56.42744,38.37801,24.56679,13.81123,1.27512,9923.49992,30.31085
'090158007003',380,5.50910,5.50911,0.28995,0.50742,13173.44288,3980.85740,13.85620,20763.29966,59370.00000,2.56000,1.21500,44.78371,28.40477,55.08593,38.70698,36.53218,20.15324,16.37894,1.68173,18180.37238,67.54997,47496.00000,2.56000,1.21500,52.60772,32.96140,64.28714,44.64082,43.25311,23.60679,19.64632,1.60061,17644.75622,70.34125,89055.00000,4.00000,2.00000,36.23645,21.00226,43.53167,28.29747,30.39336,15.15917,15.23419,2.21308,25850.06172,79.03778,36350.00000,3.00000,1.00000,63.29114,40.06215,77.30263,54.07363,52.06868,28.83968,23.22900,1.46553,16776.57431,100.57187,11139.00000,1.00000,1.00000,144.07405,94.20982,177.63282,127.76859,117.19522,67.33100,49.86422,1.06047,10606.24285,9.13610,46382.81250,1.00000,1.00000,50.74246,35.03214,65.22573,49.51541,39.14211,23.43180,15.71031,1.38458,11734.93613,0.00000,23191.40625,1.00000,1.00000,83.48504,55.89488,105.45435,77.86419,65.88877,38.29861,27.59016,1.22709,11186.48646,0.00000,47496.00000,2.00000,0.00000,48.22637,34.65252,63.69747,50.12363,35.83482,22.26097,13.57384,1.20181,10362.61810,85.78195
'090158150001',465,1.04591,0.08084,0.01339,0.02781,4546.42148,2446.22313,12.25100,26524.26778,59370.00000,2.56000,1.21500,49.14474,27.48511,51.86681,30.20718,38.25646,16.59683,21.65963,2.07486,26919.74962,24.00758,47496.00000,2.56000,1.21500,57.84579,31.61597,60.91712,34.68730,45.56047,19.33065,26.22982,1.99374,26352.37063,25.07427,89055.00000,4.00000,2.00000,40.26601,20.38460,42.03518,22.15376,33.18935,13.30794,19.88142,2.68016,37983.54248,0.00000,36350.00000,3.00000,1.00000,69.62012,38.26920,73.20393,41.85301,55.28489,23.93398,31.35092,1.86962,24873.89767,39.75520,11139.00000,1.00000,1.00000,169.18274,97.49529,174.03057,102.34312,149.79141,78.10396,71.68745,1.36996,17535.52175,15.61771,46382.81250,1.00000,1.00000,55.86229,34.62626,59.74287,38.50683,40.34000,19.10397,21.23604,1.69407,18867.26329,8.79877,23191.40625,1.00000,1.00000,93.62686,55.29724,98.07269,59.74307,75.84352,37.51390,38.32962,1.53658,18220.14931,12.11220,47496.00000,2.00000,0.00000,53.10086,35.29986,57.03302,39.23202,37.37219,19.57119,17.80100,1.53646,14527.38252,59.66743
'090158150002',467,0.85367,0.06990,0.00629,0.01646,4654.80927,2509.43663,11.74330,22213.05970,59370.00000,2.56000,1.21500,54.14597,32.39903,56.31813,34.57119,46.07167,24.32474,21.74693,2.08334,26984.55633,32.64610,47496.00000,2.56000,1.21500,63.61839,37.27903,66.02310,39.68374,54.67968,28.34032,26.33936,2.00222,26418.84151,33.56574,89055.00000,4.00000,2.00000,44.11914,24.12830,45.35438,25.36355,39.52753,19.53670,19.99083,2.69384,38194.88369,3.49829,36350.00000,3.00000,1.00000,76.58994,45.15746,79.29679,47.86432,66.52811,35.09563,31.43248,1.87504,24895.04556,46.92093,11139.00000,1.00000,1.00000,175.66632,103.48224,182.49363,110.30955,150.28804,78.10396,72.18408,1.38034,17582.89959,28.52121,46382.81250,1.00000,1.00000,61.98728,40.62628,65.41649,44.05549,49.24034,27.87933,21.36100,1.70445,18904.00276,22.64223,23191.40625,1.00000,1.00000,101.87343,63.29934,106.84664,68.27256,83.38714,44.81305,38.57409,1.54696,18262.05812,25.49892,47496.00000,2.00000,0.00000,59.19400,41.46654,62.63237,44.90492,46.41296,28.68551,17.72745,1.53398,14350.52622,69.79183
'090158200001',733,0.00000,0.04564,0.00747,0.01252,4840.13251,2759.34385,11.71870,31473.62205,59370.00000,2.56000,1.21500,56.65987,34.25739,58.17601,35.77353,40.53584,18.13335,22.40249,2.12678,27883.02374,84.43281,47496.00000,2.56000,1.21500,66.51476,39.35522,68.22643,41.06689,48.31130,21.15176,27.15954,2.04566,27323.50130,84.43281,89055.00000,4.00000,2.00000,45.97782,25.15787,47.00926,26.18932,35.00848,14.18853,20.81994,2.79013,39902.71906,35.31812,36350.00000,3.00000,1.00000,79.74194,47.59736,81.70889,49.56430,58.82363,26.67904,32.14459,1.89792,25576.16134,89.49600,11139.00000,1.00000,1.00000,191.05819,115.64030,196.61369,121.19580,131.97593,56.55804,75.41789,1.42166,18308.77494,106.98359,46382.81250,1.00000,1.00000,65.61671,43.45642,67.77683,45.61654,42.64396,20.48367,22.16029,1.74577,19590.29246,106.98359,23191.40625,1.00000,1.00000,107.61627,67.47087,110.85323,70.70783,73.19149,33.04609,40.14540,1.58828,18967.58311,106.98359,47496.00000,2.00000,0.00000,61.88065,44.55369,63.94219,46.61523,39.95635,22.62939,17.32696,1.48469,13972.25684,130.87208
'090158250001',612,0.61586,0.05132,0.00637,0.01023,4472.24575,2509.40176,12.30060,26095.84775,59370.00000,2.56000,1.21500,55.91685,33.81505,57.53467,35.43287,41.30341,19.20162,22.10179,2.10618,27552.88570,46.21710,47496.00000,2.56000,1.21500,65.79392,39.01142,67.45558,40.67307,50.78453,24.00202,26.78250,2.02506,26987.16997,46.93215,89055.00000,4.00000,2.00000,45.23167,24.90594,46.30309,25.97737,35.55374,15.22801,20.32572,2.72469,39047.57484,12.62726,36350.00000,3.00000,1.00000,79.24165,47.30252,81.00642,49.06729,63.30089,31.36176,31.93913,1.89569,25399.83860,58.44262,11139.00000,1.00000,1.00000,193.12597,119.31669,195.00508,121.19580,176.15240,102.34312,73.80928,1.40099,18044.21428,48.02674,46382.81250,1.00000,1.00000,64.87755,43.11074,66.92926,45.16245,46.34487,24.57807,21.76680,1.72510,19365.32325,43.45565,23191.40625,1.00000,1.00000,107.27974,67.91273,109.35624,69.98923,88.52315,49.15614,39.36701,1.56761,18723.37580,45.67682,47496.00000,2.00000,0.00000,61.77841,43.87406,63.97840,46.07405,41.90637,24.00202,17.90435,1.54442,14504.46341,85.43036
'090158301001',343,1.75085,0.06403,0.01008,0.01979,4414.25144,2226.60351,15.93940,32768.48739,59370.00000,2.56000,1.21500,52.76146,31.03266,53.08819,31.35939,44.46756,22.73876,21.72880,2.07012,27261.05205,11.72250,47496.00000,2.56000,1.21500,62.03198,35.71741,62.31932,36.00475,54.73801,28.42345,26.31457,1.98900,26687.53722,13.23035,89055.00000,4.00000,2.00000,42.50900,22.75576,42.80825,23.05502,34.91241,15.15917,19.75324,2.64298,38096.95484,0.00000,36350.00000,3.00000,1.00000,76.72584,45.07922,77.03864,45.39202,68.78554,37.13893,31.64662,1.87979,25270.03844,31.88906,11139.00000,1.00000,1.00000,219.11037,147.10744,220.13113,148.12820,193.19873,121.19580,72.00293,1.36186,17897.29002,0.00000,46382.81250,1.00000,1.00000,60.86725,39.53426,61.27808,39.94508,50.43860,29.10561,21.33299,1.68597,19268.25582,0.00000,23191.40625,1.00000,1.00000,109.15557,70.65676,109.64585,71.14704,96.71002,58.21122,38.49881,1.52848,18602.08216,0.00000,47496.00000,2.00000,0.00000,58.61635,40.12539,59.07734,40.58637,46.91441,28.42345,18.49096,1.59275,15239.29906,42.92412
'090158301002',386,0.99594,0.06546,0.00695,0.01323,4423.22948,2361.75598,12.38110,22495.45455,59370.00000,2.56000,1.21500,50.97640,29.10163,52.74546,30.87069,44.80525,22.93049,21.87476,2.08923,27274.82768,28.22935,47496.00000,2.56000,1.21500,59.98758,33.48991,61.93515,35.43748,53.19375,26.69608,26.49767,2.00811,26705.15660,29.25918,89055.00000,4.00000,2.00000,41.77517,21.72003,42.72093,22.66578,38.47601,18.42087,20.05514,2.69536,38456.35645,1.47381,36350.00000,3.00000,1.00000,74.32174,42.62537,77.08839,45.39202,64.67064,32.97428,31.69636,1.88601,25199.79812,43.60784,11139.00000,1.00000,1.00000,208.08788,135.52718,220.68890,148.12820,164.13086,91.57016,72.56070,1.37953,17830.70678,20.90842,46382.81250,1.00000,1.00000,57.90824,36.45051,60.79038,39.33264,47.85429,26.39655,21.45774,1.70364,19177.10086,14.32506,23191.40625,1.00000,1.00000,103.85355,65.09469,109.90591,71.14704,82.74068,43.98181,38.75887,1.54615,18522.86698,17.52401,47496.00000,2.00000,0.00000,55.15597,37.13605,58.06821,40.04829,44.99699,26.97707,18.01992,1.55359,14717.49639,64.26161
'090158301003',179,0.00000,0.04251,0.00451,0.00926,4400.94255,2359.22470,12.22210,25203.42466,59370.00000,2.56000,1.21500,52.49871,29.67779,55.23260,32.41167,42.68477,19.86385,22.82093,2.15025,28694.16864,83.71444,47496.00000,2.56000,1.21500,61.81186,34.13369,64.87841,37.20023,50.80375,23.12558,27.67818,2.06913,28124.42762,83.71444,89055.00000,4.00000,2.00000,43.10240,21.91972,44.98570,23.80301,36.34186,15.15917,21.18268,2.82823,40793.62322,34.59976,36350.00000,3.00000,1.00000,74.26963,41.40777,77.71451,44.85264,61.90342,29.04155,32.86186,1.92742,26369.33537,88.77764,11139.00000,1.00000,1.00000,177.42491,100.74490,179.98073,103.30072,168.25017,91.57016,76.68001,1.42073,18994.72850,106.26523,46382.81250,1.00000,1.00000,59.69212,37.20806,63.77313,41.28907,45.04234,22.55828,22.48406,1.74484,20341.56973,106.26523,23191.40625,1.00000,1.00000,100.37360,59.60781,104.72656,63.96077,84.74759,43.98181,40.76578,1.58735,19687.11857,106.26523,47496.00000,2.00000,0.00000,56.05300,38.26511,59.83204,42.04415,42.48723,24.69934,17.78789,1.50352,14719.33168,130.15372
'090158301004',324,0.79512,0.09734,0.00901,0.01682,4884.49942,2532.07616,11.60120,27252.25225,59370.00000,2.56000,1.21500,50.12977,28.55531,56.97574,35.40128,36.62626,15.05180,21.57446,2.07317,26684.31934,27.69642,47496.00000,2.56000,1.21500,58.99408,32.87016,66.76702,40.64310,43.66214,17.53822,26.12392,1.99205,26119.19035,28.56825,89055.00000,4.00000,2.00000,41.21357,21.31281,45.88089,25.98014,32.00738,12.10662,19.90075,2.69587,37784.58860,0.00000,36350.00000,3.00000,1.00000,71.15395,40.02727,80.14971,49.02303,53.41003,22.28336,31.12668,1.86095,24609.41140,41.49220,11139.00000,1.00000,1.00000,170.86441,99.49864,184.44183,113.07606,144.08325,72.71748,71.36577,1.36800,17349.82679,24.95882,46382.81250,1.00000,1.00000,56.96728,35.81184,66.26953,45.11409,38.61880,17.46337,21.15544,1.69211,18667.18495,19.38557,23191.40625,1.00000,1.00000,96.33957,58.16610,108.12139,69.94792,73.10020,34.92673,38.17347,1.53462,18027.06008,22.09370,47496.00000,2.00000,0.00000,53.87934,36.45396,63.37434,45.94896,35.15066,17.72528,17.42538,1.50389,14189.75606,65.32547
'090158301005',454,0.90131,0.07549,0.00698,0.01247,4643.72220,2359.34268,12.16640,27777.73438,59370.00000,2.56000,1.21500,56.63417,34.83175,60.20393,38.40152,42.19644,20.39402,21.80242,2.08515,27128.98891,29.58916,47496.00000,2.56000,1.21500,66.45731,40.05025,70.48950,44.08244,50.14935,23.74229,26.40706,2.00403,26559.25115,30.54662,89055.00000,4.00000,2.00000,45.91578,25.87589,48.25954,28.21965,36.43657,16.39668,20.03989,2.70126,38284.81387,1.26223,36350.00000,3.00000,1.00000,79.97536,48.42769,84.69536,53.14769,60.88557,29.33790,31.54767,1.87926,25043.35526,44.24270,11139.00000,1.00000,1.00000,203.24455,131.04342,220.32932,148.12820,134.14613,61.94500,72.20112,1.37258,17727.10119,24.36760,46382.81250,1.00000,1.00000,65.23359,43.86585,70.28383,48.91609,44.80816,23.44041,21.36774,1.69669,19073.92157,18.24692,23191.40625,1.00000,1.00000,106.82021,68.23711,114.39845,75.81535,76.17044,37.58734,38.58310,1.53920,18419.48054,21.22105,47496.00000,2.00000,0.00000,62.46520,44.64433,67.57142,49.75055,41.81338,23.99251,17.82087,1.53417,14580.13865,66.35282
'090159001001',292,0.80830,0.07282,0.00773,0.01671,5465.01028,2212.43795,26.48590,25665.76923,59370.00000,2.56000,1.21500,54.12036,31.93805,54.91246,32.73015,31.78312,9.60081,22.18231,2.08361,28205.89820,39.54271,47496.00000,2.56000,1.21500,63.57793,36.69798,64.45371,37.57376,38.88096,12.00101,26.87995,2.00249,27631.96707,40.42543,89055.00000,4.00000,2.00000,43.88787,23.55413,44.49615,24.16241,26.73428,6.40054,20.33374,2.71163,39332.30320,9.59316,36350.00000,3.00000,1.00000,76.37224,44.23271,77.38471,45.24518,47.82041,15.68088,32.13953,1.87859,26057.50707,53.44766,11139.00000,1.00000,1.00000,176.68787,102.50215,178.50811,104.32239,125.35728,51.17156,74.18572,1.35942,18916.63625,36.48897,46382.81250,1.00000,1.00000,62.46862,40.63555,63.47381,41.64074,34.12210,12.28903,21.83307,1.68353,20290.26331,30.84605,23191.40625,1.00000,1.00000,102.69119,63.17936,104.06003,64.54820,64.08990,24.57807,39.51183,1.52604,19622.79650,33.58803,47496.00000,2.00000,0.00000,59.25900,41.06939,60.28979,42.10018,30.19062,12.00101,18.18961,1.52161,15597.09114,77.06162
'090159001002',637,0.73878,0.12726,0.01019,0.02338,5518.52129,2188.37476,21.24340,20260.49822,59370.00000,2.56000,1.21500,52.23061,30.33891,53.32632,31.43463,45.11489,23.22320,21.89170,2.07585,27564.29459,26.03508,47496.00000,2.56000,1.21500,61.39559,34.87933,62.60759,36.09133,53.52471,27.00845,26.51626,1.99473,26989.65013,26.85938,89055.00000,4.00000,2.00000,42.78189,22.58655,43.40687,23.21153,38.72322,18.52788,20.19534,2.72539,38530.82106,0.00000,36350.00000,3.00000,1.00000,73.75010,42.10931,75.10211,43.46132,64.96995,33.32916,31.64079,1.86563,25454.08652,39.35489,11139.00000,1.00000,1.00000,169.85789,97.32106,172.81704,100.28022,150.64078,78.10396,72.53682,1.34433,18323.53522,24.67580,46382.81250,1.00000,1.00000,59.65123,38.21782,61.42657,39.99316,48.12193,26.68852,21.43341,1.66844,19701.72232,19.40632,23191.40625,1.00000,1.00000,98.15803,59.43669,100.74130,62.01996,81.38199,42.66064,38.72135,1.51095,19032.03971,21.96684,47496.00000,2.00000,0.00000,56.35123,38.65739,58.10298,40.40913,44.97521,27.28136,17.69385,1.48177,15196.54969,64.14432
'090159001003',355,1.49547,0.09116,0.01053,0.02337,5342.76146,2259.62059,11.79260,32406.89655,59370.00000,2.56000,1.21500,52.24355,30.97840,53.82425,32.55910,40.13773,18.87258,21.26515,2.04734,26267.08465,20.70077,47496.00000,2.56000,1.21500,61.33663,35.60152,63.11813,37.38302,47.69297,21.95786,25.73511,1.96622,25694.52995,22.06345,89055.00000,4.00000,2.00000,42.46835,22.98400,43.49007,24.00571,34.64352,15.15917,19.48435,2.64034,36972.51894,1.17163,36350.00000,3.00000,1.00000,73.76619,42.94599,75.85606,45.03587,57.76083,26.94063,30.82020,1.85056,24246.17932,39.41313,11139.00000,1.00000,1.00000,185.35264,115.59689,190.95154,121.19580,142.47322,72.71748,69.75575,1.33548,17081.24327,3.72540,46382.81250,1.00000,1.00000,59.94877,39.17994,62.21012,41.44129,42.63013,21.86130,20.76883,1.65959,18446.07132,0.00000,23191.40625,1.00000,1.00000,98.28093,60.88751,101.66249,64.26906,72.38318,34.98976,37.39343,1.50210,17782.88009,0.00000,47496.00000,2.00000,0.00000,57.32810,39.62309,59.65590,41.95089,39.50052,21.79551,17.70501,1.53712,14324.64105,53.36952
'090159001004',353,0.80300,0.08238,0.01424,0.02847,5109.43743,2209.62306,11.30050,37831.86813,59370.00000,2.56000,1.21500,47.18881,25.41325,49.20376,27.42820,33.39759,11.62203,21.77556,2.08632,27010.75532,33.77969,47496.00000,2.56000,1.21500,55.70551,29.33404,57.86880,31.49732,40.89901,14.52754,26.37147,2.00520,26436.74115,34.65804,89055.00000,4.00000,2.00000,38.72514,18.64599,40.29270,20.21354,27.99611,7.91696,20.07915,2.71828,38136.76376,3.73511,36350.00000,3.00000,1.00000,67.01385,35.53597,69.43244,37.95455,50.46000,18.98212,31.47788,1.88030,24886.35548,47.64080,11139.00000,1.00000,1.00000,185.47013,113.64252,193.02341,121.19580,133.77213,61.94452,71.82762,1.36088,17672.34566,30.85291,46382.81250,1.00000,1.00000,53.64546,32.36366,56.20044,34.91864,36.15800,14.87620,21.28180,1.68499,19046.50358,25.23796,23191.40625,1.00000,1.00000,92.99083,54.58332,96.61872,58.21122,68.15990,29.75240,38.40750,1.52750,18378.77882,27.96635,47496.00000,2.00000,0.00000,50.35496,32.69890,53.00986,35.35380,32.18360,14.52754,17.65606,1.51836,14445.82206,71.34283
'090159002001',525,0.89326,0.18772,0.01395,0.02038,5294.86015,2179.82880,15.58170,19270.08197,59370.00000,2.56000,1.21500,58.08708,36.53902,59.58568,38.03762,42.84605,21.29799,21.54806,2.06457,26836.04010,11.18117,47496.00000,2.56000,1.21500,68.07400,41.98713,69.76703,43.68016,50.85551,24.76865,26.08687,1.98345,26261.14042,12.13231,89055.00000,4.00000,2.00000,47.03104,27.09402,47.99817,28.06114,37.19516,17.25814,19.93702,2.71509,37595.86681,0.00000,36350.00000,3.00000,1.00000,81.84489,50.71660,83.74798,52.61969,62.49005,31.36176,31.12829,1.85434,24796.52752,25.77143,11139.00000,1.00000,1.00000,190.51394,119.80768,192.23117,121.52491,173.04938,102.34312,70.70626,1.33228,17620.92072,6.14288,46382.81250,1.00000,1.00000,67.26782,46.27775,69.40147,48.41141,45.56814,24.57807,20.99007,1.65639,19000.73937,0.06259,23191.40625,1.00000,1.00000,110.63651,72.79168,112.96051,75.11567,87.00098,49.15614,37.84484,1.49890,18330.26397,3.01710,47496.00000,2.00000,0.00000,64.18910,46.78553,66.35557,48.95200,42.15570,24.75213,17.40357,1.46946,14814.78755,48.00868
'090159002002',379,1.51505,0.14116,0.01341,0.02495,5597.64799,2162.73676,15.23250,20529.64960,59370.00000,2.56000,1.21500,52.49785,31.29694,56.69843,35.49752,37.04386,15.84295,21.20091,2.03325,26345.54648,16.12156,47496.00000,2.56000,1.21500,61.64142,35.98782,66.41591,40.76231,44.07602,18.42242,25.65360,1.95213,25770.13333,17.49588,89055.00000,4.00000,2.00000,42.83582,23.37115,45.68429,26.21961,32.35630,12.89163,19.46467,2.64218,36859.66533,0.00000,36350.00000,3.00000,1.00000,74.13859,43.41490,79.81094,49.08726,53.26992,22.54624,30.72368,1.83491,24351.86641,34.95057,11139.00000,1.00000,1.00000,179.02098,109.68380,190.53298,121.19580,136.66818,67.33100,69.33719,1.31132,17236.49577,0.00000,46382.81250,1.00000,1.00000,60.09741,39.43536,65.82469,45.16265,39.02666,18.36461,20.66205,1.63543,18619.59683,0.00000,23191.40625,1.00000,1.00000,99.19690,62.00604,107.26060,70.06974,69.53043,32.33957,37.19086,1.47794,17947.52646,0.00000,47496.00000,2.00000,0.00000,57.32725,39.73363,63.19141,45.59779,35.75291,18.15929,17.59362,1.50339,14668.73332,48.67263
'090159002003',551,1.19346,0.08179,0.00846,0.01559,5414.31248,2307.55905,8.55215,25977.72926,59370.00000,2.56000,1.21500,48.06293,26.76200,51.88073,30.57980,27.13240,5.83147,21.30093,2.05975,26121.67370,28.07666,47496.00000,2.56000,1.21500,56.51786,30.73785,60.88666,35.10664,32.56657,6.78655,25.78002,1.97862,25550.48835,29.24711,89055.00000,4.00000,2.00000,39.38004,19.79115,42.13152,22.54263,24.29544,4.70655,19.58889,2.66312,37000.08258,4.37413,36350.00000,3.00000,1.00000,67.85821,37.05676,73.09364,42.29218,39.15577,8.35431,30.80146,1.85877,24052.67418,44.86365,11139.00000,1.00000,1.00000,160.17443,90.29441,172.22314,102.34312,94.11918,24.23916,69.88002,1.34778,16902.71068,16.67691,46382.81250,1.00000,1.00000,54.75452,33.95534,59.72040,38.92122,27.52979,6.73062,20.79917,1.67189,18258.78496,9.19464,23191.40625,1.00000,1.00000,90.29191,52.82799,97.80433,60.34041,49.10616,11.64224,37.46392,1.51440,17599.84732,12.83039,47496.00000,2.00000,0.00000,51.88319,34.38577,56.91601,39.41859,24.29152,6.79410,17.49742,1.53104,13903.18945,62.68790
'090159002004',537,2.22172,0.88787,0.05952,0.12896,5572.72093,2364.28334,10.19980,12372.76995,59370.00000,2.56000,1.21500,46.49032,26.52642,55.02547,35.06157,40.65752,20.69362,19.96390,1.95845,24129.56012,0.00000,47496.00000,2.56000,1.21500,54.78344,30.67649,64.42160,40.31465,48.19686,24.08991,24.10695,1.87733,23559.95881,0.00000,89055.00000,4.00000,2.00000,37.94723,19.46615,44.24965,25.76857,33.64025,15.15917,18.48108,2.57933,33724.57077,0.00000,36350.00000,3.00000,1.00000,65.96626,37.18149,77.44421,48.65944,58.12239,29.33762,28.78477,1.75113,22406.41269,9.59033,11139.00000,1.00000,1.00000,152.92608,89.13148,176.94474,113.15013,136.51208,72.71748,63.79460,1.24485,15288.38333,0.00000,46382.81250,1.00000,1.00000,51.68029,32.40156,63.98354,44.70481,43.27243,23.99370,19.27873,1.56896,16634.33144,0.00000,23191.40625,1.00000,1.00000,85.61562,51.12424,104.13451,69.64313,72.96008,38.46870,34.49138,1.41147,15980.31426,0.00000,47496.00000,2.00000,0.00000,48.52169,32.10630,61.69477,45.27938,39.51940,23.10401,16.41539,1.39986,13879.21829,15.88771
'090159011001',814,0.83610,0.04605,0.00526,0.01403,4759.49559,2239.43126,12.87180,28348.21429,59370.00000,2.56000,1.21500,53.15683,31.03354,53.88187,31.75858,41.32491,19.20162,22.12329,2.10692,27617.56887,43.13204,47496.00000,2.56000,1.21500,62.54033,35.73376,63.25922,36.45265,50.80859,24.00202,26.80657,2.02579,27044.42875,44.03750,89055.00000,4.00000,2.00000,43.15563,22.87005,43.67303,23.38746,34.71200,14.42643,20.28558,2.71897,38971.28635,13.67609,36350.00000,3.00000,1.00000,75.25414,43.19485,75.97924,43.91996,63.42105,31.36176,32.05929,1.90549,25458.83408,57.26471,11139.00000,1.00000,1.00000,193.72734,120.10725,194.81588,121.19580,175.96320,102.34312,73.62008,1.38867,18168.05703,39.41885,46382.81250,1.00000,1.00000,61.24074,39.51289,62.15591,40.42806,46.30592,24.57807,21.72785,1.71278,19536.62745,33.63059,23191.40625,1.00000,1.00000,101.14013,61.85926,101.91855,62.63768,88.43701,49.15614,39.28087,1.55529,18871.61774,36.44320,47496.00000,2.00000,0.00000,58.21052,40.03580,59.19303,41.01831,42.17674,24.00202,18.17472,1.56822,14745.98383,80.42121
'090159011002',803,0.90171,0.09796,0.00976,0.02037,4911.82807,2292.40849,17.61930,31906.55738,59370.00000,2.56000,1.21500,50.06114,28.21062,53.13030,31.27978,40.36069,18.51017,21.85052,2.07666,27432.65048,25.74079,47496.00000,2.56000,1.21500,58.92486,32.45849,62.37913,35.91276,48.00722,21.54085,26.46638,1.99554,26861.03545,26.69857,89055.00000,4.00000,2.00000,41.15633,21.06930,43.10797,23.02095,34.98791,14.90089,20.08702,2.70309,38462.53836,0.00000,36350.00000,3.00000,1.00000,71.25213,39.62566,74.91126,43.28479,59.68700,28.06052,31.62647,1.86979,25355.82306,40.39752,11139.00000,1.00000,1.00000,186.52271,114.07531,193.64319,121.19580,164.01755,91.57016,72.44739,1.35752,18099.85605,20.50998,46382.81250,1.00000,1.00000,56.95892,35.54367,61.24693,39.83168,43.40615,21.99090,21.41525,1.68163,19458.67708,14.38726,23191.40625,1.00000,1.00000,96.17585,57.49106,100.45009,61.76529,82.66661,43.98181,38.68480,1.52414,18798.40475,17.36239,47496.00000,2.00000,0.00000,53.78243,35.92687,58.27356,40.41800,39.58767,21.73210,17.85556,1.51302,15042.28571,62.50123
'090159011003',733,1.18342,0.13909,0.01309,0.02505,4295.48082,2225.33728,11.86890,31042.85714,59370.00000,2.56000,1.21500,56.49142,34.90432,57.84917,36.26207,35.23036,13.64325,21.58710,2.06794,26905.44588,8.26127,47496.00000,2.56000,1.21500,66.30055,40.16386,67.77636,41.63966,43.19077,17.05407,26.13670,1.98682,26331.89394,9.42489,89055.00000,4.00000,2.00000,45.51169,25.64357,46.50834,26.64021,29.90514,10.03701,19.86813,2.69058,37738.33814,0.00000,36350.00000,3.00000,1.00000,79.82824,48.54065,81.50505,50.21746,53.57095,22.28336,31.28759,1.86401,24924.92896,24.97980,11139.00000,1.00000,1.00000,189.13536,118.28578,192.04538,121.19580,143.56706,72.71748,70.84959,1.34597,17522.52783,0.00000,46382.81250,1.00000,1.00000,65.52459,44.47801,67.24976,46.20319,38.50994,17.46337,21.04657,1.67008,18893.73082,0.00000,23191.40625,1.00000,1.00000,107.41287,69.47475,109.61913,71.68101,72.86485,34.92673,37.93812,1.51259,18227.44190,0.00000,47496.00000,2.00000,0.00000,62.93546,45.17580,64.73134,46.97168,34.81373,17.05407,17.75966,1.51359,14905.89002,42.94158
'090159011004',410,0.88887,0.06574,0.00577,0.02068,4754.49739,2300.40850,9.62297,30255.17241,59370.00000,2.56000,1.21500,50.37515,28.59064,52.33586,30.55135,37.44898,15.66448,21.78451,2.09037,26966.25620,33.95308,47496.00000,2.56000,1.21500,59.41233,33.02840,61.45217,35.06823,45.96453,19.58060,26.38393,2.00925,26394.86841,34.90076,89055.00000,4.00000,2.00000,40.93088,20.89415,42.51617,22.47944,30.47972,10.44298,20.03673,2.70610,38163.87991,5.41380,36350.00000,3.00000,1.00000,71.58354,40.06613,73.78018,42.26277,57.10200,25.58459,31.51741,1.88621,24855.83628,48.50865,11139.00000,1.00000,1.00000,171.85328,99.86008,174.33631,102.34312,155.48363,83.49044,71.99319,1.37461,17564.57813,29.01522,46382.81250,1.00000,1.00000,57.74448,36.41837,60.22724,38.90113,41.37664,20.05053,21.32611,1.69872,18921.94653,22.95706,23191.40625,1.00000,1.00000,96.11455,57.62100,98.77207,60.27852,78.59461,40.10106,38.49355,1.54123,18262.38005,25.90081,47496.00000,2.00000,0.00000,54.67369,36.88361,57.29831,39.50822,37.37068,19.58060,17.79008,1.54290,14337.25495,70.81558
'090159011005',366,0.85944,0.25571,0.01886,0.04401,6043.44700,2331.39764,6.77479,29480.67633,59370.00000,2.56000,1.21500,44.63704,23.74312,48.40523,27.51130,36.71748,15.82355,20.89392,2.04658,25272.73773,7.02122,47496.00000,2.56000,1.21500,52.61973,27.34869,56.86963,31.59860,43.68772,18.41669,25.27103,1.96546,24702.22277,7.94550,89055.00000,4.00000,2.00000,37.36944,17.89063,39.77519,20.29639,32.31328,12.83448,19.47880,2.70079,35865.55522,0.00000,36350.00000,3.00000,1.00000,63.13957,33.11434,68.09566,38.07043,52.72339,22.69816,30.02523,1.83103,23244.51675,21.34238,11139.00000,1.00000,1.00000,142.80695,75.07383,155.74864,88.01552,115.60746,47.87434,67.73312,1.32203,16214.26234,2.76220,46382.81250,1.00000,1.00000,49.85578,29.57850,55.29545,35.01818,38.42325,18.14597,20.27728,1.64614,17566.05107,0.00000,23191.40625,1.00000,1.00000,82.63925,46.21311,90.79406,54.36792,65.50032,29.07418,36.42614,1.48865,16909.19585,0.00000,47496.00000,2.00000,0.00000,46.46623,29.90429,51.95264,35.39069,34.93549,18.37354,16.56195,1.43802,13425.69332,44.12022
'090159022001',640,1.07635,0.03458,0.00675,0.01448,4603.65109,2278.31523,13.39630,30230.70866,59370.00000,2.56000,1.21500,54.21520,32.05850,55.99603,33.83933,35.64364,13.48693,22.15670,2.11194,27654.75231,37.61399,47496.00000,2.56000,1.21500,63.67678,36.82757,65.69400,38.84479,42.64001,15.79080,26.84921,2.03082,27082.73504,38.70268,89055.00000,4.00000,2.00000,43.85770,23.65049,45.09588,24.88867,30.94525,10.73804,20.20721,2.69925,38993.99134,12.13629,36350.00000,3.00000,1.00000,76.70934,44.52987,79.00085,46.82137,52.81221,20.63274,32.17947,1.91619,25515.24600,53.58201,11139.00000,1.00000,1.00000,178.32730,104.37112,181.87910,107.92291,141.28718,67.33100,73.95619,1.40272,18188.71482,28.58588,46382.81250,1.00000,1.00000,62.55294,40.73826,64.90882,43.09414,37.98446,16.16978,21.81468,1.72683,19550.10726,21.62628,23191.40625,1.00000,1.00000,103.22373,63.77460,106.23805,66.78892,71.78870,32.33957,39.44913,1.56934,18888.58544,25.00806,47496.00000,2.00000,0.00000,59.85878,41.35761,62.28357,43.78241,34.57161,16.07045,18.50117,1.60958,14827.18980,73.05149
'090159025001',425,2.70171,0.04785,0.00518,0.01666,5107.85967,2487.35907,8.09005,30388.97638,59370.00000,2.56000,1.21500,54.42921,33.53243,62.04136,41.14458,38.07718,17.18039,20.89678,2.04095,25411.94935,0.00384,47496.00000,2.56000,1.21500,64.32480,39.04621,72.50427,47.22568,46.75408,21.47549,25.27859,1.95983,24845.65812,1.95409,89055.00000,4.00000,2.00000,43.75009,24.84775,49.14910,30.24675,32.15222,13.24988,18.90235,2.55790,35937.90075,0.00000,36350.00000,3.00000,1.00000,78.17747,47.75746,87.34673,56.92673,58.48053,28.06052,30.42001,1.85883,23474.86397,24.60162,11139.00000,1.00000,1.00000,199.09731,130.16270,217.06281,148.12820,160.50477,91.57016,68.93461,1.36242,16263.43025,0.00000,46382.81250,1.00000,1.00000,63.33524,42.74135,72.99493,52.40105,42.58479,21.99090,20.59388,1.68653,17588.21815,0.00000,23191.40625,1.00000,1.00000,106.40820,69.36867,118.22622,81.18669,81.02134,43.98181,37.03953,1.52904,16944.48305,0.00000,47496.00000,2.00000,0.00000,61.33701,43.18070,71.44116,53.28485,39.63180,21.47549,18.15631,1.63738,13777.33388,26.73485
'090159025002',707,0.89037,0.09179,0.00701,0.02298,6065.50137,2353.21843,6.99215,27532.23443,59370.00000,2.56000,1.21500,55.60550,34.40684,59.49862,38.29996,42.07813,20.87947,21.19866,2.05887,25800.24249,36.41522,47496.00000,2.56000,1.21500,65.22416,39.57189,69.61820,43.96594,49.95623,24.30397,25.65227,1.97775,25230.33519,37.36408,89055.00000,4.00000,2.00000,45.32879,25.72112,47.88591,28.27824,36.44362,16.83595,19.60767,2.68143,36734.73548,7.90155,36350.00000,3.00000,1.00000,78.35218,47.81291,83.47806,52.93879,60.54136,30.00209,30.53927,1.85138,23678.93280,50.98261,11139.00000,1.00000,1.00000,182.86060,113.42015,191.47425,122.03381,152.93088,83.49044,69.44044,1.34420,16652.86587,31.44314,46382.81250,1.00000,1.00000,63.88797,43.19528,69.41642,48.72373,44.67836,23.98567,20.69269,1.66831,18000.77003,25.37744,23191.40625,1.00000,1.00000,104.85693,67.60273,112.77180,75.51760,77.35527,40.10106,37.25420,1.51082,17345.80238,28.32486,47496.00000,2.00000,0.00000,60.78326,43.71493,66.32585,49.25753,41.52448,24.45615,17.06833,1.49821,13422.12571,73.26580
'090159025003',440,0.56625,0.04769,0.00683,0.01908,4827.43633,2377.62816,8.19368,22530.74074,59370.00000,2.56000,1.21500,53.74572,31.74283,55.57305,33.57016,40.40273,18.39984,22.00289,2.10957,27174.15390,53.29502,47496.00000,2.56000,1.21500,63.13184,36.47459,65.19324,38.53599,48.07970,21.42245,26.65725,2.02845,26604.91972,53.96361,89055.00000,4.00000,2.00000,43.76068,23.46717,44.97450,24.68099,34.89749,14.60398,20.29351,2.73553,38683.15414,18.69643,36350.00000,3.00000,1.00000,75.83203,44.06801,78.21833,46.45432,58.40752,26.64351,31.76402,1.90049,24979.36513,65.05515,11139.00000,1.00000,1.00000,189.74019,116.65402,194.28197,121.19580,156.57661,83.49044,73.08617,1.39531,17705.46302,56.45236,46382.81250,1.00000,1.00000,61.74979,40.14724,64.35863,42.75609,42.70033,21.09778,21.60255,1.71942,19049.06418,52.17828,23191.40625,1.00000,1.00000,102.14679,63.11427,105.29847,66.26594,79.13359,40.10106,39.03253,1.56193,18396.18742,54.25512,47496.00000,2.00000,0.00000,58.60965,40.89859,61.17128,43.46023,39.90487,22.19382,17.71106,1.54247,14053.79981,92.97781
'090159031001',272,1.38087,1.30937,0.07221,0.20700,7321.37118,2217.15092,5.93863,24559.91736,59370.00000,2.56000,1.21500,43.15510,23.16176,47.59519,27.60185,35.01494,15.02160,19.99334,2.00159,23474.14109,0.00000,47496.00000,2.56000,1.21500,50.84923,26.70728,55.88727,31.74533,41.61281,17.47087,24.14195,1.92046,22900.34877,0.00000,89055.00000,4.00000,2.00000,36.28712,17.54467,39.15292,20.41047,31.03316,12.29070,18.74245,2.67684,33102.76371,0.00000,36350.00000,3.00000,1.00000,60.91829,32.29989,66.87742,38.25902,49.99324,21.37484,28.61840,1.78349,21631.50546,0.00000,11139.00000,1.00000,1.00000,163.73031,100.28358,184.64253,121.19580,125.39125,61.94452,63.44673,1.26473,14808.46415,0.00000,46382.81250,1.00000,1.00000,48.08958,28.86031,54.36918,35.13991,36.57699,17.34773,19.22927,1.58884,16181.20390,0.00000,23191.40625,1.00000,1.00000,82.53226,48.16693,92.57655,58.21122,64.11773,29.75240,34.36533,1.43135,15514.16825,0.00000,47496.00000,2.00000,0.00000,44.62555,28.87122,51.04799,35.29367,32.85106,17.09673,15.75433,1.36623,12995.48640,1.74859
'090159031002',329,2.81729,2.81729,0.13701,0.35109,7510.23393,2186.66608,5.76890,23420.89552,59370.00000,2.56000,1.21500,45.35914,26.37233,49.79523,30.80842,36.28160,17.29479,18.98681,1.90943,22144.47304,0.00000,47496.00000,2.56000,1.21500,53.75953,30.87614,58.35352,35.47012,44.35889,21.47549,22.88339,1.82831,21569.77764,0.00000,89055.00000,4.00000,2.00000,37.69027,19.96543,40.48246,22.75762,31.97662,14.25178,17.72484,2.55033,30966.32330,0.00000,36350.00000,3.00000,1.00000,65.22670,37.95587,70.06243,42.79160,55.33135,28.06052,27.27083,1.70163,20510.99530,13.83269,11139.00000,1.00000,1.00000,156.37091,97.36041,159.20053,100.19003,150.58066,91.57016,59.01050,1.18018,13715.28993,0.00000,46382.81250,1.00000,1.00000,51.69589,33.59001,57.36423,39.25835,40.09678,21.99090,18.10588,1.50429,15093.80273,0.00000,23191.40625,1.00000,1.00000,87.86689,55.68530,93.58625,61.40465,76.16340,43.98181,32.18159,1.34680,14423.96187,0.00000,47496.00000,2.00000,0.00000,48.96783,33.50507,54.84654,39.38378,36.93825,21.47549,15.46276,1.32884,12897.97806,15.04401
'090159031003',306,2.97189,1.53550,0.09032,0.20574,7894.89389,2222.44001,5.85097,17985.71429,59370.00000,2.56000,1.21500,45.96903,27.02230,54.31813,35.37140,38.14835,19.20162,18.94673,1.89280,22283.67866,6.24401,47496.00000,2.56000,1.21500,55.88902,33.05095,67.05232,44.21425,45.43226,22.59418,22.83807,1.81168,21710.04175,8.29923,89055.00000,4.00000,2.00000,35.63966,18.01486,41.20573,23.58093,30.42587,12.80108,17.62479,2.51019,31246.67624,1.75104,36350.00000,3.00000,1.00000,69.33058,42.06495,85.03729,57.77166,54.61796,27.35233,27.26563,1.69040,20596.76083,31.89325,11139.00000,1.00000,1.00000,156.63059,97.58177,197.15717,138.10836,118.66897,59.62016,59.04881,1.17210,13855.73335,0.00000,46382.81250,1.00000,1.00000,51.72309,33.61945,63.37903,45.27539,40.80487,22.70122,18.10364,1.49621,15227.47957,0.00000,23191.40625,1.00000,1.00000,91.96066,59.77430,117.02924,84.84288,68.47870,36.29234,32.18636,1.33872,14560.92669,0.00000,47496.00000,2.00000,0.00000,48.03287,32.44988,59.79724,44.21425,37.01308,21.43009,15.58299,1.34673,12786.77730,31.91421
'090159031004',450,1.78656,0.94557,0.05884,0.13448,7319.35145,2203.95073,6.91920,11536.47416,59370.00000,2.56000,1.21500,45.81120,26.00035,56.02791,36.21707,41.57030,21.75945,19.81085,1.96931,23500.42692,0.00000,47496.00000,2.56000,1.21500,54.01134,30.09769,65.55632,41.64266,49.21909,25.30544,23.91366,1.88818,22926.24509,0.00000,89055.00000,4.00000,2.00000,37.06005,18.57339,45.28521,26.79854,33.64584,15.15917,18.48666,2.61700,33070.55730,0.00000,36350.00000,3.00000,1.00000,65.32166,36.87848,78.61193,50.16875,59.80494,31.36176,28.44318,1.75914,21672.75781,9.24815,11139.00000,1.00000,1.00000,169.34782,106.54006,179.45862,116.65087,165.15088,102.34312,62.80776,1.23922,14849.26983,0.00000,46382.81250,1.00000,1.00000,50.39790,31.34328,65.14681,46.09219,44.27571,25.22109,19.05462,1.56333,16224.49955,0.00000,23191.40625,1.00000,1.00000,89.83355,55.79870,105.83607,71.80122,83.19099,49.15614,34.03485,1.40584,15556.25398,0.00000,47496.00000,2.00000,0.00000,46.81624,30.89119,62.21052,46.28548,40.42616,24.50111,15.92504,1.37728,13112.41362,19.89645
'090159031005',460,1.51502,0.99891,0.07166,0.18241,7685.15116,2263.52255,7.51073,26507.02703,59370.00000,2.56000,1.21500,40.56051,20.68219,53.00013,33.12181,31.15958,11.28126,19.87832,1.98186,23479.99475,0.00000,47496.00000,2.56000,1.21500,47.87041,23.87166,62.09228,38.09353,37.12258,13.12383,23.99875,1.90074,22907.55259,0.00000,89055.00000,4.00000,2.00000,33.98955,15.39422,42.17625,23.58093,27.80264,9.20732,18.59532,2.64070,33115.20580,0.00000,36350.00000,3.00000,1.00000,57.37469,28.90805,74.37261,45.90598,44.52892,16.06229,28.46664,1.76694,21622.15881,2.08950,11139.00000,1.00000,1.00000,134.89336,71.71556,184.37359,121.19580,97.49989,34.32210,63.17779,1.25220,14852.32188,0.00000,46382.81250,1.00000,1.00000,44.73042,25.58077,61.31358,42.16392,32.19811,13.04846,19.14965,1.57631,16216.43051,0.00000,23191.40625,1.00000,1.00000,74.40433,40.18474,99.95405,65.73447,55.09575,20.87617,34.21958,1.41882,15553.58885,0.00000,47496.00000,2.00000,0.00000,41.34677,25.55358,58.12781,42.33461,28.66492,12.87173,15.79320,1.36954,12960.18944,15.81192
'090159031006',375,3.77688,3.77689,0.12086,0.39280,9124.56323,2359.38472,16.42510,19711.01695,59370.00000,2.56000,1.21500,38.70245,20.23043,46.07895,27.60693,35.23116,16.75914,18.47202,1.83499,21852.97123,16.49224,47496.00000,2.56000,1.21500,45.67909,23.43214,54.02383,31.77688,41.75215,19.50520,22.24695,1.75387,21283.23463,18.82246,89055.00000,4.00000,2.00000,31.47403,14.32491,37.57557,20.42644,28.60272,11.45360,17.14912,2.44883,30209.17692,17.96980,36350.00000,3.00000,1.00000,54.81808,28.24683,64.88375,38.31250,50.08130,23.51005,26.57125,1.62973,20291.87362,44.89596,11139.00000,1.00000,1.00000,134.63842,77.24212,178.59209,121.19580,113.95433,56.55804,57.39630,1.12305,13709.61653,0.00000,46382.81250,1.00000,1.00000,42.22603,24.57071,52.81326,35.15794,37.24380,19.58848,17.65532,1.44716,15056.42948,0.00000,23191.40625,1.00000,1.00000,71.30695,39.96836,89.54981,58.21122,62.72207,31.38348,31.33859,1.28967,14401.99206,0.00000,47496.00000,2.00000,0.00000,38.90716,23.56777,50.55520,35.21581,33.42573,18.08634,15.33939,1.28755,13202.82630,39.38346
'090159031007',388,2.19161,1.39340,0.07901,0.20111,9452.73825,2527.69588,6.73476,20750.98814,59370.00000,2.56000,1.21500,47.26703,28.35333,59.18783,40.27414,37.37051,18.45681,18.91370,1.90882,21943.41959,0.00000,47496.00000,2.56000,1.21500,55.55918,32.76085,69.12414,46.32581,44.29770,21.49937,22.79833,1.82770,21378.17766,1.06929,89055.00000,4.00000,2.00000,39.49078,21.79853,47.48819,29.79594,32.85142,15.15917,17.69225,2.53636,31076.61562,0.00000,36350.00000,3.00000,1.00000,66.69196,39.64932,82.87120,55.82856,53.26013,26.21749,27.04264,1.69539,20170.14331,21.72475,11139.00000,1.00000,1.00000,157.59833,98.13760,207.58892,148.12820,116.09670,56.63598,59.46072,1.20210,13627.97771,0.00000,46382.81250,1.00000,1.00000,53.13054,34.92356,69.47696,51.26997,39.55993,21.35295,18.20698,1.52621,14946.05784,0.00000,23191.40625,1.00000,1.00000,87.40736,55.01468,112.35777,79.96508,66.69382,34.30114,32.39268,1.36872,14305.58215,0.00000,47496.00000,2.00000,0.00000,49.75531,34.59762,66.60359,51.44590,35.76805,20.61036,15.15769,1.33225,12068.73516,28.30367
'090159031008',585,4.09530,1.99580,0.04776,0.15011,9115.15356,2416.93745,6.32867,23006.22010,59370.00000,2.56000,1.21500,41.77386,23.61105,54.00415,35.84133,30.23432,12.07151,18.16281,1.81852,21173.07726,30.49448,47496.00000,2.56000,1.21500,49.09401,27.23268,63.06182,41.20050,35.91507,14.05375,21.86132,1.73740,20604.91267,32.92085,89055.00000,4.00000,2.00000,35.03951,18.17887,43.42494,26.56430,27.12768,10.26704,16.86064,2.40413,29684.33009,34.05976,36350.00000,3.00000,1.00000,58.86938,32.75670,75.71776,49.60508,42.97256,16.85988,26.11268,1.61944,19574.53651,59.86135,11139.00000,1.00000,1.00000,135.36300,79.47901,171.07382,115.18982,101.66908,45.78508,55.88400,1.11745,12991.75089,0.00000,46382.81250,1.00000,1.00000,46.65667,29.36600,62.87725,45.58658,31.35221,14.06154,17.29067,1.44156,14328.51453,0.00000,23191.40625,1.00000,1.00000,76.66894,46.05117,101.57707,70.95930,53.16758,22.54981,30.61777,1.28407,13678.96023,0.00000,47496.00000,2.00000,0.00000,43.87062,28.71952,60.86002,45.70891,27.84076,12.68966,15.15111,1.31199,12283.89598,52.41398
'090159032001',450,0.88574,0.09004,0.01281,0.02301,8886.39265,2634.67149,6.35758,28822.31076,59370.00000,2.56000,1.21500,48.21791,27.72196,48.93515,28.43920,36.02480,15.52884,20.49595,2.01626,24415.33428,53.57282,47496.00000,2.56000,1.21500,56.63671,31.85965,57.43332,32.65626,43.09439,18.31733,24.77706,1.93514,23852.79606,54.51803,89055.00000,4.00000,2.00000,39.55509,20.52494,40.08870,21.05855,30.48375,11.45360,19.03015,2.62659,35133.90823,24.97997,36350.00000,3.00000,1.00000,67.78947,38.44455,68.64303,39.29811,53.27890,23.93398,29.34493,1.80488,22238.00262,68.10368,11139.00000,1.00000,1.00000,185.77680,118.80181,188.17079,121.19580,145.07895,78.10396,66.97499,1.31964,15629.71825,48.70651,46382.81250,1.00000,1.00000,55.26041,35.19054,56.22709,36.15722,38.82682,18.75695,20.06987,1.64375,16930.51450,42.66413,23191.40625,1.00000,1.00000,93.10895,57.06137,94.25881,58.21122,73.56148,37.51390,36.04759,1.48626,16298.43732,45.60022,47496.00000,2.00000,0.00000,51.66305,35.39012,52.66514,36.39221,34.62752,18.35458,16.27293,1.46155,12127.06105,90.46025
'090159032002',360,0.55740,0.06137,0.00972,0.01279,5391.62521,2324.70981,9.70695,25285.04274,59370.00000,2.56000,1.21500,54.71662,32.86577,57.04190,35.19105,38.43963,16.58878,21.85085,2.09646,26969.85623,51.14591,47496.00000,2.56000,1.21500,64.23284,37.76628,66.86980,40.40325,45.77408,19.30753,26.46655,2.01534,26399.15389,51.80605,89055.00000,4.00000,2.00000,44.53431,24.33715,46.12854,25.93139,33.37465,13.17750,20.19715,2.73255,38330.12218,16.36379,36350.00000,3.00000,1.00000,77.10265,45.59480,80.18846,48.68060,55.50202,23.99417,31.50785,1.88605,24771.81751,62.82137,11139.00000,1.00000,1.00000,176.92207,104.54708,184.68342,112.30844,122.59257,50.21758,72.37499,1.37650,17617.47313,54.54845,46382.81250,1.00000,1.00000,62.99746,41.57660,66.21800,44.79714,40.45366,19.03280,21.42086,1.70061,18970.45972,50.32841,23191.40625,1.00000,1.00000,103.27313,64.59350,108.14418,69.46455,69.17576,30.49613,38.67963,1.54312,18313.02243,52.37899,47496.00000,2.00000,0.00000,59.70329,42.21060,62.87833,45.38564,37.47804,19.98535,17.49269,1.51627,14008.35212,90.91412
'090159041001',817,1.27794,0.17268,0.01162,0.02811,6063.46864,2363.57999,10.56180,18847.67025,59370.00000,2.56000,1.21500,49.12169,28.27295,53.03288,32.18414,38.37490,17.52616,20.84874,2.02429,25475.03385,17.25583,47496.00000,2.56000,1.21500,57.75331,32.53773,62.17006,36.95448,45.61738,20.40180,25.21558,1.94316,24905.41313,18.48260,89055.00000,4.00000,2.00000,40.48403,21.22504,43.00793,23.74894,33.54909,14.29010,19.25899,2.64144,35980.79125,0.00000,36350.00000,3.00000,1.00000,69.38709,39.31666,74.58158,44.51115,55.11415,25.04372,30.07043,1.81800,23472.11777,34.60689,11139.00000,1.00000,1.00000,162.62211,94.72977,170.63326,102.74092,140.60982,72.71748,67.89234,1.31167,16445.79465,4.22262,46382.81250,1.00000,1.00000,55.71050,35.41205,61.25451,40.95606,40.47717,20.17872,20.29845,1.63578,17791.86683,0.00000,23191.40625,1.00000,1.00000,92.37557,55.89566,100.00700,63.52709,71.40664,34.92673,36.47991,1.47829,17137.78936,0.19103,47496.00000,2.00000,0.00000,52.68945,35.71923,58.38077,41.41056,37.05135,20.08113,16.97021,1.47150,13760.76954,51.29799
'090159041002',347,0.58396,0.06540,0.00679,0.02450,5046.95398,2245.36445,12.58770,26624.54874,59370.00000,2.56000,1.21500,54.32845,32.27477,56.52931,34.47563,41.25530,19.20162,22.05368,2.10243,27480.93691,45.63494,47496.00000,2.56000,1.21500,64.05047,37.33131,66.29446,39.57529,50.72119,24.00202,26.71917,2.02131,26907.96938,46.32029,89055.00000,4.00000,2.00000,44.20666,23.85883,45.75554,25.40771,35.00631,14.65848,20.34783,2.74194,38838.87284,11.40005,36350.00000,3.00000,1.00000,77.18376,45.32497,79.53447,47.67568,63.22055,31.36176,31.85879,1.89332,25300.52543,57.56287,11139.00000,1.00000,1.00000,181.99965,108.80532,183.08756,109.89324,175.53745,102.34312,73.19433,1.37701,18073.53935,48.30638,46382.81250,1.00000,1.00000,62.71823,41.09904,65.49954,43.88035,46.19726,24.57807,21.61919,1.70112,19441.00649,43.92522,23191.40625,1.00000,1.00000,104.36157,65.29144,107.07795,68.00782,88.22627,49.15614,39.07013,1.54363,18776.53288,46.05410,47496.00000,2.00000,0.00000,59.27392,41.51807,62.22275,44.46690,41.75787,24.00202,17.75585,1.52095,14565.13186,85.14845
'090159041003',1013,1.14815,0.13848,0.01244,0.03267,5288.64327,2407.94333,11.21730,28765.28926,59370.00000,2.56000,1.21500,52.87251,31.69207,54.59586,33.41542,33.81308,12.63264,21.18044,2.04520,26075.34826,17.29222,47496.00000,2.56000,1.21500,62.12798,36.49744,64.00027,38.36973,41.42135,15.79080,25.63054,1.96408,25506.94049,18.43157,89055.00000,4.00000,2.00000,42.90945,23.37787,44.11578,24.58420,29.56807,10.03649,19.53158,2.66132,36805.20122,0.00000,36350.00000,3.00000,1.00000,74.71632,44.13012,76.84094,46.25475,51.21894,20.63274,30.58620,1.83801,24063.67889,33.76763,11139.00000,1.00000,1.00000,186.14454,116.72922,190.61112,121.19580,136.74632,67.33100,69.41532,1.33529,16889.24302,6.79479,46382.81250,1.00000,1.00000,61.04106,40.37041,63.22927,42.55863,36.84043,16.16978,20.67065,1.65940,18227.56124,0.00000,23191.40625,1.00000,1.00000,100.44944,63.22775,103.24235,66.02065,69.56126,32.33957,37.22170,1.50191,17577.25155,3.05049,47496.00000,2.00000,0.00000,58.18935,40.91844,60.46139,43.19047,33.06172,15.79080,17.27092,1.49187,14102.39223,52.21782
'090159041004',597,1.16773,0.09726,0.01548,0.03519,5095.02894,2273.72065,14.69640,23578.77551,59370.00000,2.56000,1.21500,57.53331,35.97224,60.24868,38.68761,37.41663,15.85556,21.56107,2.06198,26861.49530,22.82756,47496.00000,2.56000,1.21500,67.44444,41.33970,70.53420,44.42945,44.55416,18.44942,26.10474,1.98086,26289.34636,23.98043,89055.00000,4.00000,2.00000,46.40638,26.61284,48.27761,28.48407,32.54351,12.74997,19.79354,2.67320,37727.63906,0.00000,36350.00000,3.00000,1.00000,81.11460,49.88816,84.78030,53.55386,53.95745,22.73102,31.22644,1.85980,24814.80197,39.43844,11139.00000,1.00000,1.00000,186.19527,115.09621,194.82388,123.72482,122.27062,51.17156,71.09906,1.34594,17598.42666,11.93778,46382.81250,1.00000,1.00000,66.67283,45.58704,70.35317,49.26738,39.40721,18.32143,21.08578,1.67005,18960.66085,4.56789,23191.40625,1.00000,1.00000,108.89045,70.85457,114.49507,76.45919,67.36887,29.33299,38.03588,1.51256,18298.73001,8.14904,47496.00000,2.00000,0.00000,63.97768,46.20716,67.70635,49.93582,36.35402,18.58350,17.77052,1.52283,14700.92043,57.61647
'090159044001',253,0.60232,0.12471,0.01775,0.04436,7925.65354,2544.80482,9.57495,20833.48018,59370.00000,2.56000,1.21500,52.29336,31.39860,60.65393,39.75917,38.38842,17.49365,20.89476,2.03963,25213.25134,44.23575,47496.00000,2.56000,1.21500,61.44445,36.17036,70.93826,45.66417,45.65474,20.38065,25.27408,1.95851,24648.44943,44.93826,89055.00000,4.00000,2.00000,43.06969,23.60940,48.86039,29.40010,33.43885,13.97856,19.46029,2.68251,36063.97390,10.37356,36350.00000,3.00000,1.00000,73.76055,43.84497,84.89595,54.98036,55.24063,25.32505,29.91558,1.82157,23034.06140,56.33562,11139.00000,1.00000,1.00000,173.14510,104.64539,195.58097,127.08127,135.83070,67.33100,68.49970,1.32958,16300.59049,46.40925,46382.81250,1.00000,1.00000,59.53936,39.09233,71.02174,50.57472,40.44233,19.99531,20.44702,1.65369,17615.85777,41.91835,23191.40625,1.00000,1.00000,97.95822,61.17334,115.29498,78.51010,69.12445,32.33957,36.78488,1.49620,16976.74888,44.10055,47496.00000,2.00000,0.00000,56.04269,39.66694,67.34339,50.96765,37.24783,20.87209,16.37574,1.43854,12793.63806,83.57578
'090159044002',350,1.07212,0.55813,0.02711,0.09090,7474.69182,2400.62102,10.57110,11157.09091,59370.00000,2.56000,1.21500,46.48250,26.13407,55.64320,35.29477,37.52882,17.18039,20.34843,2.00917,24371.12673,0.00000,47496.00000,2.56000,1.21500,54.85734,30.26929,65.13784,40.54979,44.80917,20.22112,24.58804,1.92805,23802.52030,0.00000,89055.00000,4.00000,2.00000,36.46673,17.44797,42.59970,23.58093,30.47236,11.45360,19.01877,2.66898,34442.86091,0.00000,36350.00000,3.00000,1.00000,65.83561,36.69146,77.97708,48.83293,53.96852,24.82438,29.14415,1.79021,22415.04277,7.79311,11139.00000,1.00000,1.00000,152.10638,86.51242,186.78976,121.19580,118.20681,52.61285,65.59397,1.28690,15616.47820,0.00000,46382.81250,1.00000,1.00000,52.00283,32.26234,64.64457,44.90408,39.64679,19.90629,19.74049,1.61101,16956.06635,0.00000,23191.40625,1.00000,1.00000,86.01844,50.63343,105.16205,69.77705,67.30744,31.92244,35.38500,1.45352,16305.13957,0.00000,47496.00000,2.00000,0.00000,47.91936,31.85950,60.27411,44.21425,35.84382,19.78396,16.05986,1.38858,13194.22108,27.32373
'090159044003',316,0.81702,0.25444,0.02013,0.05717,7123.13550,2515.04792,10.31600,23437.66667,59370.00000,2.56000,1.21500,54.74831,34.04376,59.09587,38.39132,36.57410,15.86955,20.70455,2.02855,24999.94417,14.13341,47496.00000,2.56000,1.21500,64.18967,39.15330,69.13347,44.09709,43.52298,18.48660,25.03638,1.94742,24434.37504,15.02329,89055.00000,4.00000,2.00000,44.65376,25.35110,47.64346,28.34080,32.15584,12.85318,19.30265,2.67737,35523.27981,0.00000,36350.00000,3.00000,1.00000,76.95454,47.27606,82.79989,53.12141,52.51906,22.84058,29.67848,1.80960,22946.43862,28.11014,11139.00000,1.00000,1.00000,196.22319,128.82712,215.52427,148.12820,115.53835,48.14228,67.39607,1.31534,16096.66888,10.87179,46382.81250,1.00000,1.00000,63.10229,42.93071,69.03156,48.85999,38.31600,18.14442,20.17158,1.63945,17416.84070,5.18305,23191.40625,1.00000,1.00000,103.09637,66.85094,112.11458,75.86916,65.39728,29.15185,36.24543,1.48196,16775.34862,7.94730,47496.00000,2.00000,0.00000,59.70345,43.37914,65.65919,49.33488,34.80651,18.48219,16.32432,1.41960,13155.58609,51.57989
'090159044004',674,1.37273,0.90651,0.06725,0.11029,7785.89017,2731.31499,17.00020,12915.56604,59370.00000,2.56000,1.21500,48.96983,28.98666,62.12459,42.14142,35.81507,15.83190,19.98317,1.97279,23939.06220,0.00000,47496.00000,2.56000,1.21500,57.59715,33.46204,72.59797,48.46286,42.59633,18.46123,24.13510,1.89167,23378.87379,0.00000,89055.00000,4.00000,2.00000,40.17994,21.55971,48.93857,30.31834,31.42131,12.80108,18.62023,2.61604,33667.32210,0.00000,36350.00000,3.00000,1.00000,69.17477,40.60201,87.05039,58.47764,51.29915,22.72639,28.57276,1.75009,22087.33497,1.48048,11139.00000,1.00000,1.00000,162.94770,98.30496,212.77094,148.12820,113.12445,48.48172,64.64274,1.27185,15336.26978,0.00000,46382.81250,1.00000,1.00000,55.41418,35.93579,73.19423,53.71583,37.63413,18.15574,19.47839,1.59596,16622.04453,0.00000,23191.40625,1.00000,1.00000,91.38694,56.49137,118.61739,83.72182,64.15649,29.26092,34.89557,1.43847,15997.26652,0.00000,47496.00000,2.00000,0.00000,52.09056,36.21003,70.16630,54.28577,34.01482,18.13429,15.88052,1.36300,13269.02858,16.94917
'090159045001',465,2.22709,1.78555,0.10752,0.19967,8014.28431,2839.69447,18.03370,22717.26908,59370.00000,2.56000,1.21500,50.38299,31.12341,50.84775,31.58818,36.43997,17.18039,19.25958,1.91155,22897.23278,0.00000,47496.00000,2.56000,1.21500,59.10394,35.87223,59.58383,36.35212,44.70721,21.47549,23.23172,1.83043,22339.58261,0.00000,89055.00000,4.00000,2.00000,40.72184,22.82652,41.10093,23.20562,29.34891,11.45360,17.89532,2.53233,32030.03675,0.00000,36350.00000,3.00000,1.00000,70.96391,43.39721,71.47513,43.90844,55.62722,28.06052,27.56669,1.69251,21205.73595,9.26149,11139.00000,1.00000,1.00000,163.85018,102.21434,164.20499,102.56914,153.20600,91.57016,61.63585,1.22182,14487.04594,0.00000,46382.81250,1.00000,1.00000,58.42681,39.71135,59.01749,40.30203,40.70636,21.99090,18.71546,1.54593,15756.59470,0.00000,23191.40625,1.00000,1.00000,95.75575,62.34038,96.36771,62.95233,77.39719,43.98181,33.41538,1.38844,15139.70116,0.00000,47496.00000,2.00000,0.00000,55.72395,40.13580,56.34596,40.75781,37.06364,21.47549,15.58815,1.33205,13130.68242,15.50897
'090159045002',386,2.35946,2.10634,0.08185,0.24556,8027.89017,2867.98335,9.07161,22777.46479,59370.00000,2.56000,1.21500,39.76792,20.89987,41.97789,23.10983,37.55796,18.68990,18.86806,1.90338,21904.83378,0.00000,47496.00000,2.56000,1.21500,46.93795,24.19536,49.32632,26.58372,44.54959,21.80699,22.74259,1.82226,21347.83019,0.00000,89055.00000,4.00000,2.00000,33.85864,16.25532,34.58944,16.98612,33.12784,15.52452,17.60332,2.52285,30934.03028,0.00000,36350.00000,3.00000,1.00000,56.29530,29.34996,59.04060,32.09526,53.54999,26.60466,26.94533,1.68406,20243.01889,9.27019,11139.00000,1.00000,1.00000,147.16991,87.53030,151.20977,91.57016,143.13005,83.49044,59.63961,1.21530,13526.41593,0.00000,46382.81250,1.00000,1.00000,43.72624,25.48719,47.71198,29.47293,39.74051,21.50146,18.23905,1.53941,14791.83134,0.00000,23191.40625,1.00000,1.00000,75.50761,43.03846,78.44502,45.97587,72.57021,40.10106,32.46915,1.38192,14176.94626,0.00000,47496.00000,2.00000,0.00000,40.38439,25.21276,44.98879,29.81716,35.77999,20.60836,15.17163,1.32476,12297.66770,14.31232
'090159045003',237,3.07949,2.96342,0.22507,0.55017,7833.07814,2874.88410,8.96987,27020.85561,59370.00000,2.56000,1.21500,42.30090,23.87327,64.98232,46.55470,35.60802,17.18039,18.42762,1.86489,21291.50083,0.00000,47496.00000,2.56000,1.21500,50.57721,28.38509,75.84847,53.65635,43.12012,20.92800,22.19212,1.78377,20734.65399,0.00000,89055.00000,4.00000,2.00000,33.77854,16.60938,51.25091,34.08175,28.62276,11.45360,17.16916,2.47010,30000.47375,0.00000,36350.00000,3.00000,1.00000,60.95879,34.58797,91.31052,64.93970,52.00255,25.63173,26.37082,1.64932,19726.66561,22.56971,11139.00000,1.00000,1.00000,148.64214,90.98928,210.56325,152.91039,130.37034,72.71748,57.65286,1.18103,12983.42636,0.00000,46382.81250,1.00000,1.00000,47.42447,29.68645,77.24619,59.50818,38.62462,20.88660,17.73801,1.50514,14247.83967,0.00000,23191.40625,1.00000,1.00000,79.74091,48.24687,124.88138,93.38735,66.42077,34.92673,31.49403,1.34765,13633.44153,0.00000,47496.00000,2.00000,0.00000,44.51505,29.49558,75.24838,60.22891,35.44620,20.42673,15.01947,1.30807,12195.79832,21.78916
'090159045004',544,1.06202,0.30879,0.01703,0.03917,5369.13874,2392.57661,16.19720,17502.10526,59370.00000,2.56000,1.21500,46.44044,25.30015,48.46053,27.32025,36.76979,15.62950,21.14029,2.03843,26159.74489,0.00000,47496.00000,2.56000,1.21500,54.67742,29.09965,56.95473,31.37696,43.77542,18.19765,25.57777,1.95731,25590.91952,0.00000,89055.00000,4.00000,2.00000,38.41758,18.83512,39.68419,20.10173,32.35400,12.77154,19.58246,2.68262,36642.39058,0.00000,36350.00000,3.00000,1.00000,65.63856,35.15716,68.31056,37.82916,52.84711,22.36571,30.48140,1.82395,24209.12902,12.78834,11139.00000,1.00000,1.00000,149.73815,80.50793,156.65539,87.42517,116.62373,47.39351,69.23022,1.31999,17050.95072,0.00000,46382.81250,1.00000,1.00000,52.50963,31.88246,55.42608,34.79892,38.54788,17.92072,20.62716,1.64410,18391.93849,0.00000,23191.40625,1.00000,1.00000,86.78178,49.64939,91.14811,54.01572,65.87912,28.74673,37.13239,1.48661,17740.33162,0.00000,47496.00000,2.00000,0.00000,49.34783,32.28809,52.35456,35.29483,34.95388,17.89415,17.05974,1.44238,14559.61963,32.46542
'090159045005',859,2.76077,1.72219,0.09824,0.19046,7501.07975,2791.33095,8.99991,21575.52083,59370.00000,2.56000,1.21500,40.97201,22.15041,46.20609,27.38449,37.70690,18.88530,18.82160,1.88652,22059.89406,0.00000,47496.00000,2.56000,1.21500,48.35440,25.67065,54.19355,31.50979,44.71184,22.02808,22.68376,1.80540,21501.12341,0.00000,89055.00000,4.00000,2.00000,34.55869,17.06093,37.60727,20.10952,32.65692,15.15917,17.49775,2.48955,31075.71319,0.00000,36350.00000,3.00000,1.00000,58.14165,31.15747,65.04390,38.05972,53.83590,26.85172,26.98418,1.67344,20420.85648,22.38628,11139.00000,1.00000,1.00000,129.51462,70.12554,148.22588,88.83680,117.84219,58.45311,59.38909,1.19942,13629.82972,0.00000,46382.81250,1.00000,1.00000,45.04735,26.87819,53.10852,34.93936,40.01865,21.84949,18.16916,1.52353,14906.54130,0.00000,23191.40625,1.00000,1.00000,74.99889,42.66198,86.88752,54.55062,67.58253,35.24563,32.33691,1.36604,14286.16723,0.00000,47496.00000,2.00000,0.00000,41.84692,26.47329,50.73861,35.36498,36.30012,20.92649,15.37363,1.33647,12516.78002,24.04491
'090159051001',661,0.76479,0.07309,0.00763,0.01260,4589.49891,2439.99442,12.95490,24791.66667,59370.00000,2.56000,1.21500,64.99178,43.09938,66.83871,44.94631,35.53566,13.64325,21.89241,2.09013,27285.46342,33.33959,47496.00000,2.56000,1.21500,76.07958,49.55932,78.11769,51.59743,43.57432,17.05407,26.52026,2.00901,26717.91814,34.18602,89055.00000,4.00000,2.00000,51.79574,31.65536,53.12895,32.98857,30.53267,10.39229,20.14038,2.71081,38542.29938,2.60208,36350.00000,3.00000,1.00000,91.52201,59.87377,93.87897,62.23073,53.93160,22.28336,31.64824,1.88084,25182.86507,46.88102,11139.00000,1.00000,1.00000,216.41093,143.67885,220.86028,148.12820,145.44956,72.71748,72.73208,1.38069,17854.67422,31.33856,46382.81250,1.00000,1.00000,76.42080,54.92465,78.76966,57.27351,38.95951,17.46337,21.49614,1.70480,19187.47885,25.92764,23191.40625,1.00000,1.00000,124.44004,85.60187,127.61742,88.77925,73.76490,34.92673,38.83817,1.54731,18539.84829,28.55689,47496.00000,2.00000,0.00000,73.69116,55.90064,76.12688,58.33635,34.84459,17.05407,17.79052,1.52823,14588.21368,71.22525
'090159051002',490,0.56478,0.14487,0.00917,0.01597,4644.71816,2354.89351,12.03810,30870.08197,59370.00000,2.56000,1.21500,45.58708,23.77384,46.81637,25.00312,38.99364,17.18039,21.81325,2.09257,27094.99322,16.82062,47496.00000,2.56000,1.21500,53.98932,27.56939,55.12547,28.70554,47.89542,21.47549,26.41993,2.01145,26525.13234,17.48782,89055.00000,4.00000,2.00000,37.72787,17.49542,38.60309,18.37063,33.03354,12.80108,20.23246,2.75075,38235.28891,0.00000,36350.00000,3.00000,1.00000,67.16331,35.71232,68.58991,37.13893,59.51151,28.06052,31.45099,1.87529,25013.17157,28.56673,11139.00000,1.00000,1.00000,188.52405,116.54034,193.17951,121.19580,163.55387,91.57016,71.98371,1.36824,17697.10411,20.01859,46382.81250,1.00000,1.00000,51.61975,30.30327,53.16952,31.85303,43.30739,21.99090,21.31649,1.69235,19044.71156,15.75346,23191.40625,1.00000,1.00000,94.45490,55.97517,96.69095,58.21122,82.46154,43.98181,38.47974,1.53486,18389.88809,17.82595,47496.00000,2.00000,0.00000,48.04748,30.67791,49.76318,32.39362,38.84506,21.47549,17.36956,1.47672,14570.01906,56.51756
'090159051003',518,0.66538,0.16755,0.01132,0.03202,5170.44927,2419.36243,12.72970,28252.94118,59370.00000,2.56000,1.21500,51.62844,30.10480,53.38733,31.86369,48.83181,27.30817,21.52364,2.07276,26605.43146,15.17947,47496.00000,2.56000,1.21500,60.79710,34.73822,62.64489,36.58601,57.85912,31.80024,26.05888,1.99163,26037.33228,15.93950,89055.00000,4.00000,2.00000,42.87060,22.90193,43.40110,23.43244,42.02710,22.05843,19.96867,2.72458,37562.26838,0.00000,36350.00000,3.00000,1.00000,74.05559,43.05561,76.39200,45.39202,70.34069,39.34072,30.99998,1.85548,24540.61344,27.85550,11139.00000,1.00000,1.00000,201.31591,130.45056,218.99354,148.12820,173.20847,102.34312,70.86535,1.35368,17341.73279,15.68450,46382.81250,1.00000,1.00000,57.99495,36.96193,61.61883,40.58581,52.23298,31.19996,21.03302,1.67779,18678.07827,10.82588,23191.40625,1.00000,1.00000,100.94019,63.01005,109.07718,71.14704,88.00237,50.07224,37.93013,1.52030,18028.72716,13.18676,47496.00000,2.00000,0.00000,54.80882,37.66029,58.36484,41.21631,49.15475,32.00622,17.14853,1.46363,14295.74840,53.93822
'090159051004',382,0.78375,0.18980,0.01043,0.02832,5862.63958,2447.40085,12.05180,23904.47284,59370.00000,2.56000,1.21500,50.61819,29.43418,51.92537,30.74136,36.32094,15.13694,21.18401,2.05190,25978.92006,15.59076,47496.00000,2.56000,1.21500,59.45070,33.81582,60.93068,35.29580,43.26341,17.62854,25.63488,1.97078,25411.57248,16.45312,89055.00000,4.00000,2.00000,41.38070,21.71298,42.31870,22.65098,31.12132,11.45360,19.66772,2.69766,36741.49274,0.00000,36350.00000,3.00000,1.00000,71.26173,40.78908,73.00134,42.52869,52.23481,21.76216,30.47265,1.83555,23924.47262,29.29170,11139.00000,1.00000,1.00000,164.99539,95.55431,167.57581,98.13473,136.77208,67.33100,69.44108,1.33598,16862.40516,13.12779,46382.81250,1.00000,1.00000,57.98294,37.30545,59.81191,39.13442,37.97858,17.30110,20.67749,1.66009,18193.94600,7.61507,23191.40625,1.00000,1.00000,95.55176,58.31562,97.92671,60.69058,69.57570,32.33957,37.23613,1.50260,17546.92954,10.29379,47496.00000,2.00000,0.00000,54.67627,37.79961,56.52512,39.64846,34.45447,17.57781,16.87666,1.45083,13889.23105,53.31549
'090159051005',603,0.74745,0.55440,0.01839,0.05792,6877.67540,2634.62228,13.00090,18933.72549,59370.00000,2.56000,1.21500,46.39320,25.71974,57.13455,36.46110,33.40914,12.73569,20.67345,2.03539,24861.31418,0.00000,47496.00000,2.56000,1.21500,54.63566,29.63872,66.87425,41.87730,39.84177,14.84483,24.99695,1.95427,24298.77474,0.00000,89055.00000,4.00000,2.00000,38.77296,19.43281,46.20731,26.86715,29.78639,10.44623,19.34016,2.70580,35173.95503,0.00000,36350.00000,3.00000,1.00000,65.45863,35.90982,80.01893,50.47012,47.85827,18.30946,29.54881,1.80756,22887.05819,0.00000,11139.00000,1.00000,1.00000,148.60857,81.29613,183.98392,116.67148,105.84716,38.53472,67.31244,1.32231,16000.32408,0.00000,46382.81250,1.00000,1.00000,52.11887,31.95666,66.58685,46.42464,34.63010,14.46789,20.16221,1.64642,17301.12812,0.00000,23191.40625,1.00000,1.00000,86.20409,49.98646,108.29081,72.07318,59.50587,23.28823,36.21763,1.48893,16669.04715,0.00000,47496.00000,2.00000,0.00000,48.42172,32.30913,63.10412,46.99153,30.67377,14.56118,16.11259,1.38769,13366.15652,20.24627
'090159061001',759,1.11566,0.10889,0.00775,0.01277,4576.55698,2452.75017,12.29220,29890.04329,59370.00000,2.56000,1.21500,47.19653,25.70354,50.11663,28.62364,34.39781,12.90481,21.49299,2.06255,26683.64707,16.90527,47496.00000,2.56000,1.21500,55.56924,29.54753,58.88128,32.85957,41.05266,15.03095,26.02171,1.98143,26116.44190,18.02191,89055.00000,4.00000,2.00000,38.55054,18.79180,40.76280,21.00406,28.85424,9.09550,19.75874,2.67183,37601.30663,0.00000,36350.00000,3.00000,1.00000,66.80777,35.71163,70.72995,39.63380,49.61695,18.52080,31.09615,1.85604,24675.96419,33.15325,11139.00000,1.00000,1.00000,176.86551,105.98116,192.08015,121.19580,110.18008,39.29573,70.88435,1.35690,17344.83293,7.06644,46382.81250,1.00000,1.00000,53.48679,32.45376,57.50938,36.47635,35.85585,14.82282,21.03303,1.68101,18675.46336,0.00000,23191.40625,1.00000,1.00000,89.75417,51.81961,96.14577,58.21122,61.73990,23.80535,37.93455,1.52352,18028.88928,3.39677,47496.00000,2.00000,0.00000,50.67534,33.03584,54.80207,37.16256,32.58798,14.94848,17.63950,1.51767,14513.24263,52.06032
'090159061002',538,0.55837,0.04615,0.00377,0.00703,4461.42154,2477.24274,15.20220,29082.88591,59370.00000,2.56000,1.21500,53.95972,31.65135,53.81609,31.50772,57.67977,35.37140,22.30837,2.11325,28004.62646,51.26034,47496.00000,2.56000,1.21500,63.50024,36.46000,63.20085,36.16060,71.25450,44.21425,27.04025,2.03213,27438.06941,51.92141,89055.00000,4.00000,2.00000,43.62568,23.13239,43.60836,23.11507,44.07422,23.58093,20.49329,2.73455,39578.08765,16.49846,36350.00000,3.00000,1.00000,76.39534,44.13625,75.86888,43.60979,90.03076,57.77166,32.25909,1.90282,25828.38392,62.94514,11139.00000,1.00000,1.00000,178.48445,103.68282,175.20862,100.40699,263.32843,188.52680,74.80163,1.40561,18469.80913,54.63583,46382.81250,1.00000,1.00000,62.34576,40.33817,62.15513,40.14754,67.28298,45.27539,22.00759,1.72972,19796.29638,50.40983,23191.40625,1.00000,1.00000,103.07778,63.23571,102.02314,62.18107,130.39285,90.55078,39.84207,1.57223,19151.73554,52.46331,47496.00000,2.00000,0.00000,59.15408,41.06349,59.03243,40.94183,62.30484,44.21425,18.09059,1.54865,14835.69268,91.01913
'090159061003',668,0.70285,0.09629,0.00505,0.01009,4255.00551,2408.02982,11.95000,25930.38462,59370.00000,2.56000,1.21500,52.58194,30.66010,54.02323,32.10138,42.82810,20.90626,21.92184,2.09444,27341.21308,24.19316,47496.00000,2.56000,1.21500,61.79287,35.23631,63.40213,36.84556,50.90234,24.34577,26.55657,2.01332,26772.80765,24.98635,89055.00000,4.00000,2.00000,42.90614,22.68518,43.76687,23.54592,37.08119,16.86024,20.22096,2.72857,38584.82496,0.00000,36350.00000,3.00000,1.00000,74.28058,42.59802,76.12390,44.44134,61.80599,30.12343,31.68256,1.88231,25266.83145,37.20130,11139.00000,1.00000,1.00000,173.61976,100.98387,175.01079,102.37490,164.20604,91.57016,72.63588,1.37960,17856.08264,23.73642,46382.81250,1.00000,1.00000,60.19550,38.72025,62.38394,40.90868,45.38543,23.91017,21.47526,1.70371,19194.38589,18.66585,23191.40625,1.00000,1.00000,99.67618,60.88201,102.17347,63.37929,82.77598,43.98181,38.79417,1.54622,18544.08347,21.12972,47496.00000,2.00000,0.00000,57.22340,39.50829,59.43379,41.71868,42.26475,24.54964,17.71511,1.51324,14712.95575,62.61684
'090159071001',415,1.43167,0.36918,0.02402,0.04893,5012.68642,2350.22587,17.11020,23425.67568,59370.00000,2.56000,1.21500,51.54239,30.53014,53.38235,32.37010,40.65596,19.64370,21.01225,2.02044,26098.15954,0.00000,47496.00000,2.56000,1.21500,60.53299,35.11576,62.60321,37.18598,48.28418,22.86695,25.41723,1.93932,25528.16924,0.00000,89055.00000,4.00000,2.00000,41.93429,22.54222,43.18213,23.79006,34.55124,15.15917,19.39207,2.65153,36376.37328,0.00000,36350.00000,3.00000,1.00000,72.77931,42.41833,75.21567,44.85468,58.36424,28.00325,30.36098,1.81070,24224.72476,10.11454,11139.00000,1.00000,1.00000,182.83552,114.18688,189.84444,121.19580,141.36612,72.71748,68.64864,1.30327,16991.45776,0.00000,46382.81250,1.00000,1.00000,59.03491,38.55780,61.72747,41.25036,43.10394,22.62683,20.47711,1.62738,18339.89253,0.00000,23191.40625,1.00000,1.00000,96.90170,60.05961,100.92185,64.07976,73.11577,36.27368,36.84209,1.46989,17684.66705,0.00000,47496.00000,2.00000,0.00000,56.24707,39.04197,59.07894,41.87384,39.49184,22.28673,17.20510,1.44674,14858.43023,24.84747
'090159071002',450,1.20568,0.18375,0.01837,0.03062,5109.24046,2342.13137,16.90210,24232.08191,59370.00000,2.56000,1.21500,49.68187,28.35648,53.53648,32.21110,26.00351,4.67812,21.32539,2.04198,26590.60484,8.97062,47496.00000,2.56000,1.21500,58.42341,32.61238,62.80698,36.99596,31.49572,5.68469,25.81103,1.96086,26020.38950,10.14935,89055.00000,4.00000,2.00000,40.54995,20.90634,43.33557,23.69196,23.43831,3.79471,19.64361,2.66574,37211.54045,0.00000,36350.00000,3.00000,1.00000,70.24772,39.40411,75.45317,44.60956,38.27140,7.42779,30.84361,1.83446,24615.79434,25.84053,11139.00000,1.00000,1.00000,162.15341,92.07958,173.19720,103.12337,94.31299,24.23916,70.07383,1.32636,17403.17487,0.00000,46382.81250,1.00000,1.00000,56.93941,36.10408,61.86919,41.03386,26.65645,5.82112,20.83533,1.65047,18753.04824,0.00000,23191.40625,1.00000,1.00000,93.95541,56.41537,101.24406,63.70402,49.18229,11.64224,37.54004,1.49298,18097.12371,0.00000,47496.00000,2.00000,0.00000,54.06886,36.59948,59.10151,41.63213,23.15407,5.68469,17.46938,1.48000,14808.10730,43.49820
'090159071003',766,0.99281,0.15614,0.00897,0.01672,4794.13240,2382.12548,14.62240,24043.21429,59370.00000,2.56000,1.21500,48.66588,27.16284,53.09003,31.58698,35.06399,13.56094,21.50304,2.06038,26775.65773,11.63815,47496.00000,2.56000,1.21500,57.27203,31.23877,62.29720,36.26394,41.82233,15.78907,26.03326,1.97926,26206.54681,12.66564,89055.00000,4.00000,2.00000,40.05699,20.22179,43.04888,23.21368,30.85852,11.02332,19.83520,2.69010,37604.06899,0.00000,36350.00000,3.00000,1.00000,68.84274,37.76457,74.80214,43.72397,50.52075,19.44258,31.07816,1.85015,24770.12135,26.99322,11139.00000,1.00000,1.00000,172.35424,101.54709,192.00295,121.19580,111.94493,41.13778,70.80715,1.34533,17488.74291,4.38503,46382.81250,1.00000,1.00000,55.19423,34.18005,61.25185,40.23767,36.57028,15.55609,21.01419,1.66944,18831.55609,0.00000,23191.40625,1.00000,1.00000,91.08972,53.19933,100.27712,62.38673,62.84336,24.95297,37.89039,1.51195,18179.06223,1.00831,47496.00000,2.00000,0.00000,52.20436,34.71352,58.39971,40.90887,33.15694,15.66610,17.49084,1.48723,14713.17696,47.69403
'090159072001',644,1.12564,0.16128,0.01177,0.02354,4675.17421,2290.70809,17.21300,20962.73292,59370.00000,2.56000,1.21500,55.74624,34.15912,57.11002,35.52290,41.96741,20.38029,21.58712,2.05820,27069.99050,8.81714,47496.00000,2.56000,1.21500,65.38840,39.25095,66.92585,40.78839,49.85488,23.71743,26.13745,1.97708,26498.32707,9.94079,89055.00000,4.00000,2.00000,44.99704,25.13021,45.98393,26.11711,35.02600,15.15917,19.86682,2.68516,37830.22529,0.00000,36350.00000,3.00000,1.00000,78.63557,47.37490,80.43912,49.17844,60.41353,29.15286,31.26068,1.85124,25084.58423,25.13533,11139.00000,1.00000,1.00000,181.93904,110.81379,184.64340,113.51815,154.61569,83.49044,71.12525,1.33882,17774.93937,0.00000,46382.81250,1.00000,1.00000,64.38625,43.28768,66.34880,45.25024,44.55770,23.45913,21.09857,1.66293,19134.06981,0.00000,23191.40625,1.00000,1.00000,105.53245,67.47950,108.24226,70.18931,78.15401,40.10106,38.05295,1.50544,18473.64714,0.00000,47496.00000,2.00000,0.00000,61.65419,43.94278,63.67634,45.96492,41.22357,23.51215,17.71142,1.49383,15128.74222,43.90133
'090159072002',610,1.75863,1.73060,0.08511,0.24966,4761.28110,2337.45978,16.58120,23148.10127,59370.00000,2.56000,1.21500,54.35283,33.77645,59.89898,39.32260,39.76118,19.18480,20.57638,2.00592,25086.48471,0.00000,47496.00000,2.56000,1.21500,63.80033,38.92809,70.10846,45.23623,47.20393,22.33169,24.87224,1.92480,24516.13913,0.00000,89055.00000,4.00000,2.00000,44.11265,25.04668,47.87080,28.80482,34.22515,15.15917,19.06598,2.66550,34710.22323,0.00000,36350.00000,3.00000,1.00000,76.79425,47.12346,84.33876,54.66797,56.94501,27.27421,29.67079,1.78873,23409.70520,0.00000,11139.00000,1.00000,1.00000,174.82835,108.47030,193.81052,127.45247,124.88715,58.52910,66.35805,1.28023,16120.38933,0.00000,46382.81250,1.00000,1.00000,62.39553,42.47779,70.11590,50.19816,42.08362,22.16589,19.91774,1.60434,17471.09523,0.00000,23191.40625,1.00000,1.00000,102.27510,66.53505,114.06001,78.31996,71.26956,35.52951,35.74005,1.44685,16814.76617,0.00000,47496.00000,2.00000,0.00000,59.63832,42.90093,67.73480,50.99742,38.33684,21.59946,16.73738,1.38874,14892.77064,0.00000
'090159072003',536,2.06688,0.69296,0.02974,0.09826,4660.42080,2331.31672,15.99250,17395.11111,59370.00000,2.56000,1.21500,44.13179,23.54791,49.83492,29.25105,41.02547,20.44159,20.58388,1.98461,25474.04035,0.00000,47496.00000,2.56000,1.21500,52.13642,27.25489,58.49043,33.60891,48.67559,23.79406,24.88153,1.90349,24903.52313,0.00000,89055.00000,4.00000,2.00000,36.34284,17.38389,40.42738,21.46843,34.11813,15.15917,18.95895,2.60602,35316.93499,0.00000,36350.00000,3.00000,1.00000,62.80252,33.03018,70.33250,40.56016,58.70118,28.92884,29.77234,1.77804,23744.40770,3.92803,11139.00000,1.00000,1.00000,149.74241,83.11092,187.82729,121.19580,128.99877,62.36729,66.63149,1.26904,16431.76036,0.00000,46382.81250,1.00000,1.00000,48.41444,28.44352,57.26456,37.29364,43.59406,23.62313,19.97092,1.59315,17783.56356,0.00000,23191.40625,1.00000,1.00000,80.89244,45.03768,94.06598,58.21122,73.71723,37.86247,35.85476,1.43566,17126.70130,0.00000,47496.00000,2.00000,0.00000,45.04988,27.97861,54.97803,37.90676,39.64233,22.57105,17.07128,1.42681,14954.86391,11.70229
'090159072004',248,1.59176,0.07072,0.00399,0.00941,4541.22630,2337.53100,14.97140,24613.29114,59370.00000,2.56000,1.21500,52.53227,30.92594,54.45312,32.84680,38.02653,16.42020,21.60633,2.06358,27002.40925,15.13201,47496.00000,2.56000,1.21500,61.68762,35.52496,63.86076,37.69810,45.27666,19.11400,26.16266,1.98246,26432.06566,16.55110,89055.00000,4.00000,2.00000,42.57266,22.88278,43.83376,24.14388,33.04923,13.35934,19.68988,2.64128,37852.68734,0.00000,36350.00000,3.00000,1.00000,74.27088,42.86707,76.84444,45.44063,54.83608,23.43228,31.40381,1.86881,25006.67280,34.40942,11139.00000,1.00000,1.00000,169.78417,98.26110,176.15532,104.63224,121.67103,50.14796,71.52308,1.36032,17665.93672,0.00000,46382.81250,1.00000,1.00000,60.37105,39.16108,63.04219,41.83221,40.19937,18.98940,21.20998,1.68443,19016.62991,0.00000,23191.40625,1.00000,1.00000,99.03932,60.77671,103.05653,64.79392,68.70245,30.43983,38.26261,1.52694,18360.30703,0.00000,47496.00000,2.00000,0.00000,58.00301,39.77758,60.77898,42.55355,37.03967,18.81424,18.22543,1.57313,14940.72606,47.23068
'090159073001',432,1.05388,0.85275,0.04540,0.14015,6118.12598,2635.69703,14.79930,21404.39024,59370.00000,2.56000,1.21500,51.07043,30.49274,55.92943,35.35174,39.90587,19.32817,20.57769,2.02220,24810.66951,0.00000,47496.00000,2.56000,1.21500,60.02246,35.14520,65.51267,40.63541,47.40754,22.53028,24.87726,1.94108,24248.15668,0.00000,89055.00000,4.00000,2.00000,40.20920,21.02711,42.76302,23.58093,34.34126,15.15917,19.18209,2.68502,34862.44268,0.00000,36350.00000,3.00000,1.00000,72.07079,42.58885,78.52952,49.04758,57.23051,27.74857,29.48194,1.79643,22949.91100,0.00000,11139.00000,1.00000,1.00000,169.16046,102.27957,188.07669,121.19580,125.69645,58.81556,66.88089,1.31126,15936.01929,0.00000,46382.81250,1.00000,1.00000,58.15152,38.10180,65.12672,45.07700,42.12453,22.07481,20.04972,1.63537,17236.65326,0.00000,23191.40625,1.00000,1.00000,95.65844,59.65711,106.15520,70.15387,71.53993,35.53860,36.00132,1.47788,16604.65493,0.00000,47496.00000,2.00000,0.00000,53.75972,37.50960,60.46437,44.21425,38.35437,22.10425,16.25012,1.38621,13794.55547,2.85047
'090159073002',594,1.07316,0.11660,0.00550,0.01354,4625.01774,2331.65824,14.72890,24261.70886,59370.00000,2.56000,1.21500,54.51677,32.87385,55.67669,34.03378,44.38167,22.73876,21.64292,2.06702,27042.78470,16.43974,47496.00000,2.56000,1.21500,64.17961,37.97199,65.27240,39.06478,54.63107,28.42345,26.20762,1.98590,26472.27703,17.52614,89055.00000,4.00000,2.00000,43.90685,24.00826,44.91960,25.02101,35.05776,15.15917,19.89859,2.68606,37951.80987,0.00000,36350.00000,3.00000,1.00000,77.40448,46.06748,78.42632,47.08932,68.47593,37.13893,31.33701,1.86109,25023.91542,32.38485,11139.00000,1.00000,1.00000,181.22740,109.79759,179.92291,108.49310,192.62561,121.19580,71.42981,1.35212,17702.98523,7.47795,46382.81250,1.00000,1.00000,63.04804,41.88240,64.51030,43.34466,50.27125,29.10561,21.16565,1.67623,19054.72735,0.53297,23191.40625,1.00000,1.00000,104.43544,66.24100,105.35442,67.15998,96.40566,58.21122,38.19445,1.51874,18397.89477,3.90765,47496.00000,2.00000,0.00000,60.22430,42.46289,61.83106,44.06966,46.18485,28.42345,17.76140,1.51288,14878.38490,51.90034
'090159073003',641,2.60053,0.46309,0.03685,0.07008,6142.12740,2685.32940,14.89770,20146.04811,59370.00000,2.56000,1.21500,49.73295,29.94019,54.38703,34.59427,41.95675,22.16399,19.79276,1.92742,24138.17550,5.98772,47496.00000,2.56000,1.21500,58.44708,34.54644,63.65676,39.75612,49.74257,25.84194,23.90063,1.84630,23576.87954,7.89667,89055.00000,4.00000,2.00000,39.79063,21.61226,41.75930,23.58093,36.50130,18.32293,18.17837,2.50309,33784.24489,0.00000,36350.00000,3.00000,1.00000,70.39264,41.80676,76.56574,47.97987,60.07840,31.49253,28.58587,1.72431,22390.73121,30.17186,11139.00000,1.00000,1.00000,162.75470,98.84272,175.16692,111.25495,142.01594,78.10396,63.91198,1.24277,15381.55296,0.00000,46382.81250,1.00000,1.00000,56.47256,37.19193,63.38679,44.10616,44.92003,25.63940,19.28063,1.56688,16674.40790,0.00000,23191.40625,1.00000,1.00000,92.89881,58.37916,103.11644,68.59678,75.82686,41.30721,34.51966,1.40939,16046.18952,0.00000,47496.00000,2.00000,0.00000,53.43506,36.86000,60.78931,44.21425,41.14735,24.57229,16.57506,1.42415,13747.69633,33.13602
'090159073004',250,0.70109,0.08277,0.01755,0.02351,5008.96133,2437.31666,14.06130,26424.74747,59370.00000,2.56000,1.21500,53.22562,31.41914,53.22562,31.41914,44.34750,22.54101,21.80649,2.08339,27143.24755,35.27029,47496.00000,2.56000,1.21500,62.49792,36.08521,62.49792,36.08521,52.66441,26.25170,26.41271,2.00227,26575.63064,36.06194,89055.00000,4.00000,2.00000,43.17782,23.07670,43.17782,23.07670,38.02754,17.92642,20.10113,2.71213,38344.73794,3.34334,36350.00000,3.00000,1.00000,75.00813,43.52732,75.00813,43.52732,64.09290,32.61209,31.48081,1.87196,25024.22944,48.26298,11139.00000,1.00000,1.00000,193.58422,121.19580,193.58422,121.19580,140.92242,68.53400,72.38843,1.37160,17791.04942,34.85834,46382.81250,1.00000,1.00000,61.44724,40.03976,61.44724,40.03976,47.27862,25.87115,21.40747,1.69571,19124.31191,29.79763,23191.40625,1.00000,1.00000,100.82155,62.15459,100.82155,62.15459,80.20078,41.53382,38.66696,1.53822,18476.45887,32.25671,47496.00000,2.00000,0.00000,58.30555,40.70013,58.30555,40.70013,44.65440,27.04898,17.60542,1.50914,14475.39178,73.70957
'090159081001',784,1.27583,0.09620,0.00699,0.02466,4468.34090,2287.27427,16.28970,25408.84615,59370.00000,2.56000,1.21500,57.81548,36.08605,59.41057,37.68113,38.90983,17.18039,21.72943,2.06763,27285.40963,15.87380,47496.00000,2.56000,1.21500,67.87641,41.56089,69.57103,43.25551,47.79101,21.47549,26.31552,1.98651,26713.64835,17.09919,89055.00000,4.00000,2.00000,46.32514,26.43230,47.58890,27.69607,31.34643,11.45360,19.89283,2.67201,38179.74368,0.00000,36350.00000,3.00000,1.00000,81.81090,50.27362,83.68503,52.14775,59.59781,28.06052,31.53728,1.86695,25279.21408,33.21100,11139.00000,1.00000,1.00000,189.83965,117.98132,192.06797,120.20964,163.42849,91.57016,71.85833,1.35424,17920.36125,2.88074,46382.81250,1.00000,1.00000,67.25272,45.97240,69.27605,47.99573,43.27122,21.99090,21.28032,1.67835,19280.11722,0.00000,23191.40625,1.00000,1.00000,110.42737,72.02315,112.79324,74.38902,82.38603,43.98181,38.40422,1.52086,18619.39059,0.00000,47496.00000,2.00000,0.00000,64.74584,46.67529,66.87196,48.80141,39.54604,21.47549,18.07055,1.53838,15165.69446,49.92995
'090159081002',600,0.59710,0.06472,0.00636,0.02211,4303.64208,2384.05022,17.30460,21500.71174,59370.00000,2.56000,1.21500,51.87899,29.55553,55.65578,33.33232,38.87005,16.54659,22.32347,2.10893,28182.43011,38.93871,47496.00000,2.56000,1.21500,61.04596,33.98785,65.31995,38.26184,46.32444,19.26632,27.05811,2.02781,27613.37188,39.63636,89055.00000,4.00000,2.00000,42.44492,21.92666,44.97485,24.45659,33.73071,13.21245,20.51826,2.74078,39630.27155,4.97101,36350.00000,3.00000,1.00000,73.45243,41.14693,78.45396,46.14845,56.22496,23.91945,32.30551,1.89807,26046.10442,50.98990,11139.00000,1.00000,1.00000,171.03945,96.36492,181.03247,106.35794,136.61905,61.94452,74.67453,1.39341,18647.46017,41.25320,46382.81250,1.00000,1.00000,59.15332,37.18205,64.44719,42.47593,40.91886,18.94759,21.97126,1.71752,19989.93658,36.79337,23191.40625,1.00000,1.00000,97.62716,57.85458,105.59833,65.82575,70.17090,30.39832,39.77258,1.56003,19337.60636,38.96047,47496.00000,2.00000,0.00000,56.11054,37.99649,61.40402,43.28996,37.87747,19.76342,18.11406,1.53241,15230.64521,78.32786
